Extraversion,Neuroticism,Conscientiousness,Openness,Agreeableness
1.470254406037539,-2.3642117672058123,1.782278352910871,0.5612569651674573,0.9606502775158033
-0.9278280739387575,-0.1639504997811293,0.9367053042951057,-2.054915642120479,-0.3598085513891373
0.6576019381098164,2.102502493064415,2.1035116946214707,0.9225276948047091,0.13704642677141887
-0.8022486406396375,1.6775117676064522,-0.9886033580776332,0.5093451628639388,-0.17205190158993125
0.4365851494756955,-0.1525577336727335,-0.17115482998188677,-0.9129628458604403,0.9016589455944621
-1.5063806603134227,-0.35985340194731674,-0.056730864030206954,-0.933792507636058,-0.33176909905860236
1.8060361269397787,-1.2086221113301163,-0.7762489595863794,0.03901924738379492,0.8996710697393272
1.030807018566613,-2.0312256470306074,1.3752507902093594,0.5943713096286066,0.2669014631216379
1.613824743425517,0.4849101648324915,1.0763730111811673,0.3466484296754758,1.3276262632934628
-1.790557633646626,0.5733957243399732,0.8845061500168961,0.2542702105824533,-0.28277039355622313
-1.6935152959468323,0.8123982185487736,-1.2161773348994547,0.47340562479311193,0.3533615913680021
0.03408413031122002,-0.7865243623946706,-0.4100537680729469,-0.10971417531488176,-0.5103876288697728
0.25614471988043913,-0.2280293997861109,0.6250772107775956,-0.3435407968865611,1.0452834082851659
-1.7542668008601254,0.8950919959225868,1.387626815214552,0.054865039634692435,-0.5179123088075381
-0.34025085791468956,-0.4246525413915288,0.8889720529151135,-0.4821527360600223,0.1290457155036342
-0.27311708823851255,-1.17956700820856,0.9458734246641585,1.2193773622846202,-2.8193043479965563
-1.2959611361275385,-0.5155548939408404,0.2972163172928062,1.2601285719993813,-2.691543920490702
1.5404953419514897,0.3465864156827356,-0.338933164947735,-0.7337485167732479,0.9266538220218745
-1.1454439140377883,-0.39194226701866025,1.698610136297973,-0.45806244025369586,-0.5793614325974112
-0.42812277968917917,-0.27520392496611973,-0.33615813729894,0.08298227612323085,-0.5400057638551747
-0.7852965062849828,0.7290077573144418,-0.7922445999991506,0.35709431017838794,0.556856213631522
0.19340053565665574,-1.5142235205818064,0.8837889322482355,0.92570118818445,-0.5412836772318176
-1.1056223537738719,0.41147572467358196,1.037525721844496,-0.0793649013196036,0.23175277481398043
0.20375070642101714,-0.8584767483858403,-0.2595177047382488,-0.2353946632899377,0.42310630547308997
-0.45154812772189434,-0.3629935958769695,-0.9321223048681494,0.0651738848532108,0.00542013419510871
-0.6982988322451013,-0.41700515220474044,0.17189489921945675,0.1799010491570597,0.5422152038602597
1.8898137002936135,-0.07239186924857426,-1.2045437269215238,0.8180961343795754,-0.683015781114849
-0.34544161089906944,-0.4097648605357234,-0.4462042827742705,-1.4776393030154014,-0.05615761674360556
-0.6980474862610152,1.1781888157095333,-1.9273232215187999,-0.05734342159510152,0.06461996073933449
0.16416340395250156,-1.279435124955442,0.43509933304528625,-0.582618782314236,-0.23418956474989636
-0.21488549300233895,0.8251826522934013,-1.416443796723206,-0.2488307582329773,0.6018124029307058
-0.5750125068845642,0.08371970262114568,-0.13796895274725504,1.0562015173927868,0.16829635269003737
1.1031693570302117,-0.9640572302120665,0.6367459532313398,-0.5049798308104494,-0.12032531314694325
1.6750582140027734,0.7572862885256839,-2.503839764132294,0.8696252231613707,0.8180073828244301
-1.308578074544746,0.24189025664058855,-1.8621827717078048,-1.724981176532797,-1.1532672854724406
-0.7765102338469573,1.129724409071582,1.516334244136702,0.573976739582656,-0.07932383681612087
-1.042272390258569,-0.32248274298757706,0.41002264825101653,1.291270463731036,0.39727829649127794
-0.2706794704493319,-0.4337187248927699,0.14822495710512829,1.0741781113678934,0.6064717294420647
-1.0146002661527571,-0.6826877427980718,-1.4529983581472838,0.8469242975446026,-1.164891398823146
-0.9808147511713845,-0.19513292152987372,0.8794901589506365,-0.0325079498213479,0.38095577509581996
1.7010629584088837,-2.0960526849569545,0.9381097794891133,1.2733378060551495,-3.05330585409592
0.43918947477279047,1.1969985781632244,0.8881131347747522,-1.037503420429915,0.304894962765234
-0.7605330958704212,0.3309001142333304,-0.038104688075065056,-0.29741209113916206,-0.7792461401228424
1.9741335318647506,1.3120583227821065,1.9129765453999314,0.7198476142550837,0.1477277094280544
-0.9742289603501062,1.0407832675790214,0.15626002638978392,-0.09873850010834855,1.6834132072822636
1.1553067662010712,0.6012767939315528,1.1190950037108012,0.8149257515569007,0.24133491504775337
-1.415790629100279,-0.4109042365375153,-0.49394831849185555,-0.4809309047074446,-1.7817709568350388
0.960316724577359,-1.720642888700757,2.133055013162578,0.052212616274624826,0.45971572672569366
-2.1875931868366196,2.012251927505861,-2.2326631983468146,0.4469251613465293,-0.08432731982560097
-0.19323769396902946,1.254552051333546,-1.1723014181279798,0.8608030336086533,-0.8276316204860215
-1.3417510497334504,1.142524778847595,0.18330424759462896,-0.13231284022481796,0.01902171500625415
-0.5381509663202741,2.284775419893362,-1.6358153551244425,0.9093286936215271,-1.3367324305831718
0.21902332072063385,0.8009064357487818,-1.3412986648402108,0.5612629376953014,-1.0552679741751192
0.18501982846946913,-1.2553098875224769,1.346442411805328,-1.197957305171489,0.9176769133641535
0.7031769656860339,-0.06339505473409354,1.0684151295572204,1.0901661863580883,-1.4492388513587378
-1.170924908144777,0.5669245848365007,-0.7727030061802378,-0.971381641101204,-1.2410570511012369
0.018990549947487216,1.616117274019591,0.01829433624516065,-0.3848251962165454,-0.9694813991965942
-0.04328101979620464,0.5388549675180089,-1.971036417223363,-0.7499435445682959,-0.739929347026137
-1.6495413206413583,0.40966294842140577,0.30994286746088257,0.6308861372021717,1.1241789118690069
1.327639590089015,0.49170550181309525,0.6185100083561963,0.7240356300624666,0.9337065019313283
1.163484117030288,-0.36971718589580405,1.1492796806942982,-0.47945116868022136,1.2452957344287792
1.0971400787356946,1.6502294741320207,0.5393953593416899,-1.0216229034129227,0.7996587535342766
-0.4210568059644056,1.0484022105146946,-1.4648932062340139,-0.5498596810419126,-1.087486694613337
0.8046556616310596,-1.324133649753208,-0.39971585726957226,0.477866779127934,0.7534213012750755
-0.33353423889327016,-1.5792267566091858,1.3200295279638672,0.23384840433764545,-0.2074096221624064
0.15319044151798764,-0.3835905574901948,-0.6859691719494662,-0.1711386544964813,0.816729857853848
-0.6703984067491716,1.659642485322929,-0.4483795724514735,-0.632023357977261,0.3866215052159065
0.28422466243518213,-1.3935562833939048,2.2709470429459286,-0.03773609206322091,1.078480751215398
-0.02389136354561897,1.3539557359860717,1.1382590590079475,-1.1888415118847124,0.24275637591727162
0.9972388661624702,-0.16722646456985937,-0.9418579637175747,0.028287080507844974,0.9517990433479279
1.0349162849318883,-1.0429507859502565,0.012565220032409521,-0.24908204085103766,0.6227819894694846
-0.8054717458822906,1.9483818243746802,0.19352792513351627,0.49230489317701714,0.5343355424970815
-0.0664310975734136,0.2444575929155433,-1.5390549429691431,0.9905349856292721,0.352683455359107
-1.129363994065718,1.0076712015310025,-1.2506056750534817,-0.7425788293938802,0.7286918145952015
0.37166936585911425,-0.3439076857954535,-1.697924604948097,0.8168807667632116,-0.42809459724829957
-1.7923079745089936,0.4797009034859842,0.14559583638887605,0.9216856131388691,0.8104047522515241
-0.542513227969395,0.465599254352431,0.5725216024842159,-0.7349376603320635,1.3108291307512852
-1.5887512331658786,1.306465161413311,0.3307874912458459,0.3208461456530311,-2.0194125774091085
-0.37344199679712914,0.7732142128369638,1.6766329735632395,-0.010569727587347292,0.3199103229849304
0.250917411579408,1.352541685385547,-1.1987853298491882,0.8829085411791102,1.1960022184801975
0.5258802204177317,1.9467282964579857,-0.3500792106086385,1.9339658541674245,0.7624719089720056
-0.8579710110443018,1.617520785820929,-0.7339050084792775,0.0045618482535245905,-1.060935815311856
0.177718540936547,-0.22734077715098971,0.7720518773266357,-1.051035685108663,-0.019095349575232727
1.5029630954748012,-1.6951853488521647,0.993394971028351,-0.5412644451497317,0.2092118619620028
1.7996217851720293,-0.544134092577568,0.8426655497142614,0.752480605220779,0.6843788529670124
1.025125331534843,-0.9644198489504106,0.705171848818485,-0.17619720928332566,-0.4681106947854256
-0.3604197773243936,0.7198000661666005,-0.8392298705431234,-0.14111535199411257,-1.218863094344925
-0.0697440327675822,0.5666872265277594,-0.36791294565370414,1.025341374250312,-0.8194327198204002
0.6013192188386486,-1.5883204790980914,0.4855549197991665,-1.321833378207321,-0.37900256446402386
-1.8485221652633872,-0.5507618267930295,-1.4332362996778867,1.6087705205438425,1.2008572804788236
-0.5371317953619725,-0.3152189156872959,0.5591853083895684,-1.0517742260434149,0.34920929208383
0.39419019605690236,0.7980468658291598,-0.24663376014055696,2.013328119510723,1.6237717098088593
-0.16601637913488348,-1.7989700876293988,2.247641250245713,-0.07796862278286164,0.6923434903481523
1.2805972476060528,-1.1825748841979937,0.2963859389436671,0.10127129868010872,-0.5920338012871498
0.23833597054756914,-1.653611790339999,-0.4571948529893742,-0.31112513984824386,-1.1379038762089035
-1.2101881714808578,1.1392118650858751,-0.8239009038587315,-0.8985702982937849,0.5954769120200674
-0.848024532550043,-0.08094469288750453,-1.8776107948281062,-0.2865622163018506,-1.0326443271952555
1.0665590805989635,-0.08383756349566177,-0.7691947241756429,1.5266681988200068,0.991650083886265
1.0492506021339059,-1.5805755176904084,1.3708608048867663,0.8250052348360769,1.060501966723817
0.24641523949216548,-0.1176881134641214,1.0075927062771965,1.13638679510467,1.2917228327220442
-0.7647935326196152,0.5081434782904369,-0.9634429099049735,-1.702170297999746,0.1303549183230787
-0.45664750956598377,0.3313130285596367,0.6545404104508555,1.7330823345812671,1.6591107739141662
-0.8336349929496846,1.4126049109691292,-1.282607956379315,0.48302839618493587,0.6532212218772466
-1.9781240284592054,-1.339260067843452,0.7441242213816556,-0.3072559098566944,-1.8634421338601288
-0.1996152329219278,-0.7285033346696209,-0.06124083252689998,0.6551214908347988,0.6056680096586224
-0.41807612006642014,0.3755777183823232,-1.0423261024976087,0.4866184521958904,-1.3259403468234823
0.06662157849034868,-1.105460761522583,-0.1440504392220465,-0.3610702454736963,0.11930348865260355
-0.20200599913894574,0.8689101987669464,-1.1698299857007064,-0.6431931938820614,-1.0415428014032324
-1.695759609534363,0.34698960652099975,-0.83422083018839,-2.7090186483124516,-1.4788176191520888
1.7550646744226959,-1.67809788093903,1.7192236869504256,1.2387600561825245,0.9294536630041415
-1.075840052639688,1.0807768178495343,-0.031249100803760976,0.0641132091302312,-0.7096577657826495
-0.6693136101229602,-0.5437797243590248,-0.8011328731360355,-1.294662292654048,-1.0436212392710076
1.9634644918311566,-1.2400707879204917,-0.7577094579184169,0.3338365029960976,1.4210343606154021
1.5383384202692982,0.6281201619432992,-1.3311771699577808,0.8080635753469961,0.47221840970374124
-0.649047763600922,0.07254975994281378,0.0158958507052869,-0.8749110398468655,0.6289361290147887
-0.4528130401063657,0.5763205350552911,-0.07879254969097085,1.2548625051117337,-0.5183065261304998
1.777942816247418,0.36663346982150047,-0.20981919190154563,1.2558120722816306,-2.1403085699621682
-1.6448981647989798,-0.11976266109151108,2.142753171908126,0.3183676166906322,-0.22701625877086043
-0.12022794927449384,-0.36062970760697544,0.664995472582439,-1.7780323985857063,1.31267799617984
0.42687558862447417,-1.6308316311628244,0.21663892218928538,0.5230930555078002,0.4807642465494591
1.3948174533060016,-1.7427509894533786,1.0367102757348463,1.354335620402665,0.29056570725505393
1.9361066360066033,0.5007916895855776,-0.8202172725456017,-0.9327408083010714,-2.6191499659069732
-0.6686588171156618,0.8115418960434468,-0.3862292613915613,-0.15162758557416284,0.3725929356233631
-1.028809979904025,0.46574401924618314,2.017057491479135,-0.9591882357701584,0.01869206159536988
1.0506487526754873,-0.3512854039464576,-1.1216388657234015,0.2532028621055474,-1.7920414216643397
0.7370062758851013,1.0247444171657556,-1.2571928271944772,-0.12817815632180077,0.19527535325734607
0.13218210894758814,-0.6643807662991036,1.1832240445342188,0.5526963111542875,1.1882723336018717
-0.20542291640974872,1.5908612073951407,-0.287591546462498,1.344347782350914,-1.33568113023369
1.280316925103632,-1.0141789720445211,-0.23686282670699702,0.47444676199035557,0.30597835039858545
1.6640142071616089,-1.4735446553518783,1.4186384039929263,1.1329617271364738,1.494137729047519
-0.5652826132755253,0.44050190963581604,-2.062029254354063,-0.47411316164099526,-1.229551049264587
1.1967921446002274,0.9103154959429827,-0.012466450168455292,0.15017196466072383,0.7815496179550432
-1.2826691821950684,-0.40833134988524206,0.0004442070643989571,-0.5549267175601986,-0.6908820390136544
-0.06764024378699128,-1.4599539232404792,0.7942526378858503,-0.5278866652784083,0.41566469909720666
1.5969060285283885,-0.04582041865250681,-0.6679079234369875,0.1800335993478159,-0.08930994743419694
0.06880176937817806,0.6259071316573928,-0.009290006785327324,1.1501112479787057,-1.3168728180756784
0.10981870613173765,-0.8039198470298732,0.9268116456094506,0.05832898382173478,0.7850214093049197
2.2408316788749567,0.7559570740966562,-1.1075179821731909,0.07261594024828717,0.7277040943158183
-0.2730660688513055,0.14753000074850414,-2.2780250742490233,0.790793458695684,1.373470210661649
-1.336640674647279,0.8626694312862236,0.2816262354448395,-0.6653427273672151,-2.077793622826402
0.05687791067380319,-0.11975444716289144,1.9739721067704237,0.9783565902884171,0.8481313585115727
1.1137601313707404,-0.6950650030203427,1.4991530684322782,1.6101785444583339,1.1462718023003051
1.0228861938043976,-1.0718595071253132,-1.4987217978250493,-0.6869157202096902,0.9624638568825742
-0.7025318815371037,1.1387691589375886,-0.15679497777722115,0.11418723200476981,-1.8174129665546406
0.828797385055855,0.4355257024147411,0.9966776999442036,0.22805558221539668,0.4593832148069136
1.0458998307094458,0.188511221729025,-1.383567510042041,-0.5277609456818968,-1.7385236257556282
-0.12288236937772422,-1.4321891654720365,-0.4819567571792852,1.0320754941923158,1.8530689714615622
1.5498994819509047,-1.0089415355146072,-0.9375533407076334,-0.5972171956256388,0.015401624615293496
-0.2811151928927023,-0.3098136907096836,0.33349381162086345,0.6108354986686877,0.46819391247261255
0.6114888948158148,-0.6902347845827204,-0.6529354926986891,-0.8872450121631708,-0.0051547534253069596
1.5141543607390526,0.5031784542568215,-1.1697263380481742,-1.7275505380395075,0.24722323454680034
0.6563491454124496,-0.5451725115787802,1.1763857545471499,0.45620780763862173,0.7613109654980402
-0.33081743215645015,-1.1429884969240092,-0.3176604381602166,-1.0127682400274778,0.4294605272269214
-1.4414779027523807,1.9413659147516236,1.3874643712809118,0.06327887956252325,-1.2992580487748826
-0.4844998847018375,-0.3347726121881705,-0.16618869873906925,0.04684589287619843,0.02831269982227276
-1.4308666063290305,0.044264471054707,-0.07425771313378644,1.0210831016264688,0.7280997956119447
1.5830533456044462,-0.9692994107967425,-1.4062622424638203,-0.4088567869729026,1.0879602477215662
1.3603583689340744,-1.3476199775160072,0.7668535607805104,1.6466863404771206,1.5302289931727704
-0.5557511069752994,1.5673060795522507,-0.195756060853211,-0.7432104463637712,-0.8845986059950244
0.19570059289640934,0.02392657227208065,0.8315500253452192,-0.3758974321085164,0.3667316012630243
1.2315400031910437,-0.23763910429254198,1.4924160350930566,1.1707977078075242,0.9301881993830169
-2.113588445751622,0.6594117881291889,-1.8177693266117225,-0.2536406010356509,0.7455865971918366
1.3965088775489956,0.26748885132025463,-0.02238991061690426,1.2859898284241544,0.6157517731753279
1.0542239717009363,-0.5201827926328905,-2.086831344044883,0.901374524077967,0.5785329766864151
-0.1612929504723825,-1.4974745636650002,1.0561825850804156,-0.1767781451839141,0.31116318700372875
0.04334917711263317,0.6997291412616832,-1.9012387975284037,-0.18792636913308314,0.7404248826345685
-0.618133440189653,-0.08682809850981783,-0.3427708337645328,0.7787364163199875,-0.6634651361130349
0.0463954794797415,1.55170123601391,0.1838608316963655,0.055249369980991635,1.2180221839327356
-1.2591264206328772,-2.3640023197826996,-1.1773503573597037,-0.7124094601680123,-0.7956911166249871
1.1436394418146156,-1.3201114066837327,0.5042434527486804,1.1439203658039518,1.5210950089963418
-1.1924571357119946,0.8078703333354547,-0.022487664072695975,0.1659154574587083,-2.146776454141022
-0.7878220249431896,0.6616108877377642,-0.7776183491829288,0.2882578658545271,0.5198435639353611
-0.6184824183689901,0.7174180685788972,-1.4936307116495782,-0.25729607071982696,-0.7253204070354243
1.6452904890958981,-1.8371998483915521,1.6721999841477675,1.6352050994128595,1.178990864452773
-0.586381145147582,-1.8414454299149796,1.086322787326219,-0.192773046369127,-1.435506163235134
-0.8768723374367546,-0.5885046385282633,0.11509840474673319,0.42960775417123076,-0.22594088863377187
-0.5880357731998554,1.7528206849330186,-1.2688781007221865,-0.31226804738583946,0.4025570197280378
0.26856064736155105,-0.1510588328221296,0.5983393588196244,0.4393377840501307,0.1409240711969983
-0.004541749872892634,-0.05439087454920702,0.5016668466577651,0.49689713699286664,-0.31269668763380376
-0.4395841991616392,-0.2169123411407683,-1.6879939510822213,-0.48972446828225136,-0.4139648641820061
0.6809037546853559,-0.7316063274995136,0.2990572849731165,0.4281825161982963,-0.17232639508286876
1.0983923856197417,-0.07154710982777798,-1.2345313416990777,1.5426263380822944,-2.46737076896753
-1.250291112475507,2.01759811829276,-0.4877693430885208,-0.20086154630747766,-2.155192983678918
1.846412340501615,-1.3982950503680962,-0.5034367338723016,1.494844695185447,0.5830618914999237
-1.0792804299842775,1.637275655298832,-0.05550376785666576,0.6495384283185358,0.07603375998279165
-0.7118346511677762,1.8988558452928244,-0.797930469053281,1.7242768664977042,-0.3333244176308949
1.2260939780635425,-0.6248691482755678,0.3027841360602312,-1.0969033080118944,-0.27548139502826446
-0.30856579544924817,-1.0497961080555553,-0.38819265000201164,-0.8972386075843425,-0.6134803906952937
-1.1704636758035307,-0.8105081093247917,-0.9296989797206688,1.1539125894437559,-2.3470362600973886
-0.9304070347172302,0.050176580091674534,0.14742351960730132,-1.988580338223435,-0.12040967875420262
0.4578792187084141,-0.7898196077830884,-1.0824451720139476,-1.5762658145358326,0.17362936385590727
0.5202859931027516,0.6033544400812156,-0.6319048575384282,-0.5112297970221553,0.1338413000586499
0.6601206238212564,-0.5273573244973249,0.68161477365357,-0.4890791840034891,0.22884175744035762
-1.2226445777171253,-0.010154195721785993,-0.45868865732377995,-0.14423416181085136,-2.939387428508405
-1.0019537582817817,0.3931903402800659,-1.0445169084985135,0.12887062709437266,-0.22417097098915587
1.481145214432581,-1.1571707602633823,-2.588034963071636,-1.0587689604666806,0.007952900947846243
-1.0245398849336302,0.526955767230855,-0.35478584301363686,-0.9051968340569837,-1.3720892209276492
0.5602010324161767,-0.3499089715712884,0.48763220928595247,-0.792415503376632,0.5776559779122684
1.3792935302005727,-0.5601820346083617,0.7399960529684952,-1.4523400290412114,0.8139387924505779
-1.652481421196569,-1.2956434891497064,-0.6763917731469353,0.6413319420069813,-0.09905423764603004
-0.1377953644579355,0.1742806040886654,0.47677262025286293,-0.21806341041661076,0.26164069926722766
-2.3480612831011576,1.1689125212907967,-1.1423973877587508,-2.1559942023454273,-2.038490243124751
0.2200877712688461,0.5949882816253128,-1.299463416522731,-1.0972560229219726,0.048749902867511345
2.0197279498110254,1.19930511025996,0.31462148795717676,0.8605869207881722,1.3217079199207171
-1.6165734991750573,-0.16623976542644495,0.818144624443768,-0.9111295598203014,-0.09463638406272176
0.4506018050794007,-1.6664072933906318,1.005852970001301,0.7611415417154187,0.651265204181415
-1.1165144638794218,0.6440279667681916,0.5497851408374775,-0.9423399836698809,-0.8252549344700514
-0.11358560690625329,-0.02141149257650249,0.13741459238841253,-1.3770184772586294,-1.6746713812144405
1.521863218169701,-0.6324386905108892,0.938835115734964,-0.8857659119856285,1.1490997250008077
-1.3293013870160066,-1.4650632110664636,1.6166396328215216,-0.46171854690877095,-2.7520712366397193
-1.0653146515745324,-0.08728328692358871,0.8485443507938372,-0.5412118883189514,-2.317834014058112
0.23241960276235488,-0.1548645248061886,-0.8017906493235274,0.02819485951289216,0.19062705047294118
-0.7874966674454148,0.7894218424753388,0.38241742981298754,1.225978594169812,-1.345729690267325
-0.4660740772045622,0.15247046169211112,-0.24196330864127308,-1.1021831230546881,0.08064747167520571
1.0661710343929167,0.6250856314250475,0.745239694571902,-1.0774105581599314,1.023705424679521
-1.272622065507284,0.18411699389827232,-0.3027391451311126,-2.6144633256228804,0.7638494401887417
-0.46301373083018127,0.9789897803138606,1.2345619615683616,1.3025322416192673,0.8330115292738289
0.8261712406971059,0.006565863047894911,-0.23652999458007726,1.5440851259895316,0.8159571631183083
0.5214444080583319,-0.298531004078817,0.9020068774401669,-0.168536632762872,0.8113947890760639
-0.7293252979912399,0.7424066221663935,-0.37014912224674157,-2.3807763896803773,-1.3873116111844908
1.7876237108776598,2.0280578177047888,-1.7893618608664268,1.1483422953556226,0.5204841646430364
1.2399176279701247,0.5770450790410984,-0.349012211839097,0.2187400672857551,0.7453513786099316
0.9871415345679132,-0.6091824533131489,-0.7263559995857249,0.0337174836857272,-1.241395159102234
1.0940048523866959,-0.4972628699508177,0.16162462805419553,0.04263244979500513,0.15494020322160523
-0.6961621622641259,0.5645794814875146,-0.6527775539254652,-0.26519862162668195,0.45932109242568064
-0.2529264762328138,0.46962281263930666,0.203102269012315,-1.9043267560799333,-1.0071997718666188
-0.13923766953592118,0.5340455449942573,0.143844624178887,0.7946389357653052,1.051064447420685
1.0879390860520535,-1.0493262435310717,-0.8629229939231945,1.2008771891679964,-1.9321114430205033
-1.2676366456496635,0.5655799113042699,-0.5839489321798963,-0.6139104324379482,-0.01836515792490261
-0.9591475157010965,0.2713325199526266,-1.3708315991481559,0.17276151925198366,-1.0540855915001426
-1.0449074081382355,0.018909098331554356,-0.1320677838023353,-0.8217722367048893,-0.33781300433523
-1.2593766583739399,1.8654435339759536,-0.8170478639840445,0.7383759400679517,-1.7439763067875973
-1.659537534499345,1.79433684904472,-0.7072764041433708,0.264039686991219,-0.8596969029835002
-0.1310815691766203,1.9453332203470513,0.2501364084082131,-2.0423614329194013,0.567781336190295
0.34429446178288764,-0.28881355514550566,-0.8043838063061168,1.3311454603506003,1.6646061094804703
-1.5688847532964378,0.17360494081712688,-2.823154574715089,-2.09767731056038,-3.951059213561045
-0.04364590211231048,1.5682492015170335,-0.7102122764068813,-0.3297964361442047,0.946315285625425
-0.5185726229070109,0.06947190027909068,-0.5181331703803963,-0.5945743322848758,-0.6453861673588231
-0.5225013383058091,1.5674640825549724,0.6008002998160094,-1.2597540844794555,-2.0537725432495053
-1.4341214894724958,-0.8431522225812802,0.6148704171268843,-0.6941331281088513,-1.0636546277114378
-1.1374205567007396,1.5456470089458356,-1.3787845018373202,1.0611994913898275,-0.6192524048941951
0.7864120536616592,-2.305817677250648,0.055220185371734155,1.1666895544371605,1.3078240642523427
-0.583928005296502,1.7442879175028219,-1.0785029659596366,-0.19546955689291182,0.4224519099754651
-1.2576555998746277,0.15415680438099563,-1.047099321145429,-1.8958075328242316,-0.89505960479083
-0.07234304006774626,2.325818024668832,-0.24766949702751487,-0.3433432935948706,0.4983013434970323
1.1860050027591775,1.6535383428896915,-2.5650723451083577,-0.6404700692879036,0.5864393143567254
0.8098628303860572,-0.13499074086822915,1.5311824115224422,0.8304636610047208,-0.6828308633012384
-1.9645795313633327,-0.20060729509251063,-0.7351475501957189,-0.422875486509,-1.5014330132748595
-0.786257610039477,-0.09295464417692066,0.9090528843575874,0.12899624891384862,-0.4257319725950619
-0.13222685343614263,0.3291054616992042,0.49314758581645113,-0.5686994710133129,-0.24529979612645572
0.2573269763897136,-0.9857279600181558,-0.4922229765148256,-0.7211695205622677,0.08226333926873523
-1.8270657522983917,-0.5824431711903274,-0.3936701968526822,1.1087852175020547,1.1680206009074725
0.04673669716141988,0.7072780443970601,-0.7355350661133729,-0.7102424307140275,-0.10300919436491907
-0.05003592203487474,-0.5875921731707244,1.2071864951109945,-0.15285377728058547,-0.5074943251342625
1.6279128768514408,-0.2259567689014534,1.4131675304087603,-0.4278671543855346,-0.7162885995291828
-0.1250522213666979,0.6177264105422186,0.06350568527750848,0.9802053082972617,1.4050591466059428
-1.1404628926646294,0.6895204278437699,-0.6884724843106105,-1.5714365606405103,-0.7789545465304413
-2.0313548469736284,0.2249077119438108,0.5423038257010463,1.4778715497434296,-0.6975724489041912
-0.15212255574032058,0.2141881522214891,-0.7527874429475256,0.4911469351910258,-0.8851145521592535
-1.1631090561994202,0.6894682097155463,0.19323189578451808,-0.03779590222711449,0.7539719330398587
1.096492459573303,-0.6611040663432446,1.4780680923162115,0.4507802203781101,0.7775652664746078
-1.0397578571638837,-1.356099425300502,0.1819967499544712,-0.32076176325759714,1.180953474561885
-0.07521698541546705,0.3718672995947711,0.9282087411543698,-0.21932872497581357,0.6181546526405904
-0.3751830881586893,-0.1631563962396565,1.7246728645665743,0.6078178070670329,0.8577138412578448
1.3355490602545468,-0.18233104323247995,1.234529518616628,0.23384772805843265,0.3613652064597764
0.17023778498381206,-0.39001254903509036,0.22939639453773197,-0.5578544708261078,-1.898448023569862
-1.7870233606488557,2.05150229853393,-1.4585329446886255,-2.1387919933244888,-1.1601817394321208
1.6356786168528958,-0.9273947049149996,-0.3931623714956086,-1.0104942474922542,-0.7091817351361775
-0.9463924726510323,0.36247030592296775,0.24898992374947876,1.6177664944740484,-0.22735056217827324
-2.26429963362484,1.107064502253568,-0.8744381618600905,-2.8529882065059136,-1.2243798248874438
-1.7138460755298328,1.3911875314189743,-0.4787211921826571,-0.38206608791253094,-1.0417015440657962
1.4116709268968335,0.8624080287388439,-0.9432914334376361,-0.2847309236924137,0.01102448717841219
1.110070245982455,-0.3742213919677333,2.303530508046981,1.6717766592561465,1.295809891630379
-2.076401062921554,-1.4017326661606246,0.009889475984656363,0.5267442062209603,1.1776610111136994
0.9200916319800466,1.0339827433472994,-1.1843093970964618,-1.0805421961848403,0.2936630480922373
-0.005322905047927997,-0.8425615259315756,-1.4384331444124148,-0.6050802317547295,-0.7096275740521001
0.7829289254846541,-0.8751842969174987,1.406448636819951,0.1710442846463359,0.5913624391839889
1.8205296874959662,0.6526038797188896,0.5036571662477981,0.6533652856063535,0.8020644853038204
0.5954231162403627,-1.5704709442045501,0.4108435032805124,0.18601496161547076,0.2730369372431252
-0.017331306328449234,-1.6319030278981639,0.7503988957619117,-2.0759250075860343,0.12127200164993197
-1.405341661857769,-2.251072384568483,0.3999828765634163,-1.3828241488131658,-1.3807709308797438
-1.0756793519184955,0.727848005978289,0.1510460128873401,0.8439908241012753,-0.4706709524518354
0.42068966373242817,-0.32886989469037037,-0.264854539860871,-1.5953790701927435,-0.7347135990824851
0.7527874642427942,0.8252834642956626,1.4405785480661044,-0.3480972527041794,0.5028129445984163
1.6784243531614178,-0.4840528631814303,0.15707344406787302,0.7866769028697682,0.3311493477137581
1.2479141966074048,-1.7908215020178426,0.2927873983486123,-0.7500421293257277,-0.6001491875580213
1.1176675923567403,-1.588185995561489,0.2595631559942517,-0.5394874653604035,0.08268343409740248
1.1722212722102243,0.1866405413014437,-1.7649629435133678,-0.8227103366021239,-1.2202849822490567
1.496625823167728,0.7408707968118448,-2.07757985788425,-3.3122786618546853,0.06522824056330646
0.9657687948189786,-0.8326018602785349,-0.6847616174441775,-0.19993449932355406,0.11070332296706659
-0.22013837770037023,-0.6190890389977414,1.029553109467167,-0.945675066862424,-0.44376481809344953
1.096172835805134,-0.6299253773953241,-0.7352027527386255,-2.5595348041291213,-2.0731329837353933
0.7500429660233836,1.3339990580637628,0.13436260699841818,-1.4231500080063322,-0.5512696311401444
0.152287096049528,-1.8977573318967795,-1.0046581407051325,-1.9491835822733095,-1.6148457381319172
1.8075098044632183,-1.9725184248365557,2.1176799205224692,1.5560003704014898,1.0787528121586192
2.143545316186267,-1.9894238457553528,-0.7496695547090662,-0.9469657124435483,-1.4327432523863068
2.001166554752427,-0.39950722461406485,1.2308341294658034,-0.07523420820195409,0.07163412674520322
-0.17755279943869906,-0.3955989843688424,-0.9242871182539932,-1.7616669080057867,-0.3155625004521928
1.4429572453402417,-1.9377959185905254,1.831232004515426,1.0551965899407714,0.5025709388434363
-1.540408458665545,0.432653925552923,0.1372526055914048,-2.6780540954683465,-1.604028828875141
2.1691728183717247,-1.5834184509785716,-1.7736780567764832,-1.22744080536952,-0.11596689055330132
1.0640003293741633,0.9538352063658508,-0.02374912300606633,-0.20842669783052215,-0.2989301094323941
-0.9632205806261167,-0.3020784377331605,0.5919353430535937,0.8862778798854697,-2.548331483428187
0.9322955798072811,-0.6839437637960325,0.616253430125481,-1.0490912348759722,-0.34180621687660906
1.960460033495264,-2.011405913656819,2.0880928951184723,1.6099683495271304,1.4100749968259831
-0.029284262337045782,1.8655229149512114,0.7671963394879512,1.776952917986786,0.009254761331695721
-0.4784381708561714,-0.4916281932195518,-0.11463914683727493,0.08963633043532279,0.16648958199214112
1.380843377786087,-2.0245879001111797,1.0165719024011872,1.2468443622338314,1.2974354645786763
-0.3697689597911612,-0.2617981430705952,1.1298153363394743,0.09401576092009196,0.8528964685495676
0.5145376562008989,-1.8656326324499355,1.68630716369889,0.9794594084621798,1.8343684106386307
1.5913119533113025,-0.5455157473373612,-0.9926436004773177,1.01205179171647,0.9047628754083402
0.730455871629827,1.165034958032482,-0.7898718966555147,-1.0461060959066226,-0.8123362468311283
0.986023835591086,-1.0337451148365981,-0.5212766900384365,0.3395540626118843,-0.3698118323449114
1.2941173602045746,-1.6315784699810962,-0.9380698067728694,-0.5981893799853153,-0.21434522199167508
-0.7810581384554364,-0.8018434498713444,1.8152454833928648,-0.15748800900544968,0.4258809275628204
-1.5751588569175863,-1.120417492028509,0.607575372211414,-2.3972022804293442,-2.068288214954709
-0.19985676260334284,-0.21315964308066646,0.10571623878929745,-1.4671709030943823,-1.5468410667933095
1.4979869598708673,-0.1838587408803139,-1.2617646711544983,0.7025031394142663,1.2400510454141256
-1.6166293661717546,0.8499699810000059,0.5124106971097789,0.36808646154416447,0.24386716116347523
1.9993543433647292,0.960094727837633,-0.3319753189170258,1.2910148631358092,0.8995169919132641
-0.24740232618595362,-0.12789513848193748,0.2094262949410933,0.48311412321214786,-0.09623237022643799
0.20791595042041755,-0.13209206196402123,0.5827718196360722,0.17681453752286808,-0.1976414054098395
0.7054553463904778,-0.07138846478381573,-0.09235152075193673,-0.9203593484079434,-0.07558641503826322
0.29392845442452314,-0.20209502409790964,0.6292725652770068,-1.0515864422554049,0.08322043007424434
0.5483019199391757,-1.7515824880812394,0.4160999327926919,-1.4161881575043442,1.0959891183239656
1.1178320991558304,-0.47805754144268453,0.03893681532213142,-0.760190255094165,-0.7351980786012033
0.3930132535886958,0.8749280603259243,1.3786729130392756,1.2889078953051742,1.2491987642826294
0.15603861451723727,-0.9777508887661963,0.9344532248295675,-0.5357869924184379,-0.018054027811818557
0.023693003942122124,1.4173981056303933,0.13681258010365965,-0.8859189423037136,-1.9165450864360523
-0.47308080398096675,0.32778906335810226,0.5915243454222315,-0.11041310661738475,1.0365633413770454
0.643476513071009,-0.7329504190678298,-0.11780510576880979,-0.17127001843429868,-0.9798565569043476
0.46443828111014734,0.36490008832314197,-1.2397643677658527,-2.933760002065464,-0.26739343005023025
-0.021919808955121526,1.4974572118585128,0.982528161969949,-1.0626054670846563,-0.5884834824314958
-1.7078933341476537,0.6547366435751504,-1.814737878957338,-0.8544439422263878,-0.6250599408838938
-0.7863773831570234,-0.0013873143230013862,-0.4039517253567431,-1.6983315410953013,-0.9182980689013641
-0.36616261323893085,-0.016126616018241207,0.6646331914784488,0.8718080143262732,-0.21515963413906114
-0.2214512289106601,1.6242613833882056,0.3116556222691361,-0.7259896932775102,-1.5892118280555212
2.1584050329225977,-1.6070217337908659,-0.12222387889379797,0.9467344890099317,-0.04809958993494028
-1.955044578340403,1.4414396696584761,-0.4763946853782994,0.4971309036827122,0.7928760350650526
-0.8556069525590839,-0.07640209325896846,-1.0319041149464399,-0.7347765223650944,-0.7799455511576129
-1.3936544821199974,0.871263822672408,-1.0619815922821072,2.0942897478715845,-0.1075746775969883
-0.7877325804897621,0.6833614187858449,-0.7236689675660372,-1.8803245090320089,-1.2723667557340317
1.928090932443042,-0.08604475248477109,-0.8564722994610063,1.5167999905463894,-0.9265579108156566
-1.9303863056703612,2.2586900807485977,-1.2284294493416337,1.21779591118633,-2.6548939286906905
-1.833051341621462,-1.089877887949056,-0.4748274694655386,0.04788031672490318,0.06353243454203769
-0.05376446696346715,0.6218470351958484,-0.07534436293422735,0.33541236599340063,-2.39697555429179
0.3567810368038051,2.0667046037941126,0.6807176277602978,0.34472835624421355,0.8548303630724464
-1.2500105100912156,0.7420524511030532,0.9895290488353043,-0.8079632861189736,-0.5305202454143618
-0.6193754815306223,1.3498059649475294,0.14136796653122535,0.30147361368157993,-0.6201392065613923
-0.4031729496974994,0.08659777140512988,-0.6971579795503788,-0.5010907466038786,1.294621283900981
-1.825741192972216,1.3755530187252971,-1.2608574104457595,0.9768211073186951,-1.6445211104361832
0.28527965100882485,1.5926964009278775,0.5747152618962224,-0.2350773609351534,-0.7878386159658016
0.14946070026690805,0.33369973163108924,0.061407603750151536,0.6534647367374475,1.253121299482673
1.2447014734760975,-1.3161054999874164,-2.253095747418395,-2.6700979316727538,0.6955626090370026
0.9641101797172146,0.16934706615504197,0.7812085992979871,-0.7158880263860018,0.025598535840497243
0.9158755994165105,-0.49177826117005913,0.2575208399186078,0.13076996084840684,-0.7508216905663275
-1.523754536201425,-2.050395625869321,-0.4327973048099412,1.5620959044324056,-0.46874420968272695
-0.25101023996700583,-1.1793094095733667,0.3476272603080228,-1.652881836196375,-0.6157324633020443
-2.0130332590394904,0.7611007202001927,0.7793357057873873,1.5629863819154677,-2.162269527531794
0.7994731010040617,-1.9371664336605385,-0.3932646735032067,-0.06435004559188338,-0.6683543583633903
0.29647597258082764,-1.7651286098128507,0.09047632713164452,1.1782645315247986,1.7918209168894113
-0.9213528744571022,-0.32371717127691296,-0.6747027779322881,0.24705457666589156,-1.5825799752391563
1.7699638773373865,0.8920148777496579,1.5418511507721715,0.7174581125688823,0.21156771899489385
-0.7015164951404741,0.6853689974250724,-1.3997341077738652,-0.265930356294283,0.01594889554530076
1.8234300424949568,-0.8389604045682483,1.4241011857173316,-1.1833015833865383,0.2055528179662197
-1.0229240730725917,0.7667451614413342,0.2875887931655601,-0.42751111050205537,-0.6105638082809942
0.47473655252293306,-1.7448524134069898,1.2158543513788467,-0.09152544101179201,0.13464261851302745
-0.9138543471850625,-0.48049537587359475,-1.0862913993994963,1.1962998008015446,0.43127624412138393
0.4609830703521753,-1.2739140381544063,-0.261716391825385,0.9630447970827681,0.3604316777264674
-1.4414121020940818,-0.046045104133188,0.7072743657484091,-1.2186576476676207,-3.5768173604930213
-0.21095955286066767,-1.1055391595298614,0.5823108127865186,-0.4019914886603949,1.1890539716869506
1.11857910532718,0.4278632467598046,0.2443125503162566,-0.3018990854886517,0.9357238904422555
0.33830298487336413,-0.38139863154525355,-0.6436800467948652,1.3178003310814466,0.11348341873076204
-0.512132819928301,1.5417899929011667,-1.2557641724335729,-0.08689808370526157,-0.8669653795275379
-0.7355918451605938,0.2080658028366971,0.7135624100944854,-0.1208751199812352,1.2218735743433426
0.7016051499870782,-0.13405985203352935,-1.596683261372573,1.0254103421082517,0.13276271551943278
-0.28131489253991715,-1.4378157903558557,1.4067637100442383,-0.9983860454893441,-0.8041418687841067
-1.8788795263570037,1.5141514568838983,-1.5279639554217257,0.21245288847370944,0.7845483611777939
-0.41155892792865884,1.3226036717105643,-1.0981438737129883,-1.957812180482339,-0.5895856504943001
-1.6135469848053408,0.4311947027185749,-0.26530263094145,0.8884990019382636,0.8050806633346533
-0.5975918250788248,-0.5351669231019357,-0.19569277547854166,-1.0092621862104867,0.11173124657505562
-1.1517469941271636,1.7026615933356537,-1.1654734510052822,0.027639034421823732,-1.5406640633323516
-0.2469905315899197,0.008122003646314081,0.6496790488441898,-1.1278898205358363,0.1844003244630693
-0.24073867289367976,-0.39339927098307725,1.0106796796619768,0.24366993487179164,0.6690603903924532
-1.954742949703757,0.20406893310332785,-1.0791093461943306,0.15530456263768758,0.1504070818171266
0.7570421836136604,0.8106326942896172,0.04835575836065271,0.6593679057676003,0.36052184093755096
-0.5211494384886509,0.46266847520144233,0.2601540337736399,0.6292733380157484,-0.2564812370814512
-0.6822794497663055,-1.7323521007559433,1.0750509001893587,0.523835265917108,-1.0049123277277872
0.6076819683531666,-0.7006648076819975,0.5218226451282298,0.7183471429193362,1.0917945138110299
-0.9764977438596023,0.9986637786002557,0.10568355129136771,-0.9667250719080027,0.5003670225099461
-0.2999381546437489,-1.699227218578268,0.37926626311951533,-0.47946717182515014,-0.7166416872636991
-0.22786300999315134,0.5567578313379845,0.23881895501348743,2.1974547018941664,-1.1890410151467556
1.5879363284809684,0.7629439419293687,-0.12516775427527754,1.334206636118306,0.41664431122077766
-1.0278081462330044,1.1353204120492062,-0.3082784368442546,0.2772393992682254,1.1750049720794213
-0.7593812226261545,-1.5581463667942048,-1.1054624718549506,-0.08724979776724336,1.0796836848809683
-0.3027271092245888,1.0293125853709897,0.6617735176645219,0.5001732946266069,1.0674098454754068
0.5899431745511974,-0.5077551519451778,0.3777790158319951,0.8946392373698536,0.6489456098449602
0.2025351585058208,0.35929178330278255,0.9882746382902964,0.9154459169640026,0.3867285184139648
0.7850971931568931,-0.013794679182231099,0.09485781300630099,-1.5036905820531954,0.22364419609640845
-0.18428539798136742,-0.30022406161956977,0.8076401897736266,-0.36259720947911067,0.21770128275425424
-0.5619377904616941,-0.17851856025368468,1.3479676960725535,1.3271063271533636,0.5006586886156216
1.249898425214996,-0.9618499661327008,-0.4678150053775702,-0.3387867223039455,0.9715817458337197
-1.0251837945970905,1.7052212140266045,-0.8943555028171846,-0.428092534379871,-0.15839389301359785
-0.010195315415150875,-0.3742701379255537,1.4112021783170983,-0.7341214989103781,-1.0249586824487564
1.458875260696282,-0.699884049242996,0.9061366597357081,0.5078565285777511,-3.214013145509521
-0.1841776040029462,-0.6950098404278268,-0.34136932385344865,0.6105626154765379,0.5338958677608289
0.9098178759473766,0.2721897774167253,0.4657018465204865,-0.5157267498364664,-0.32097659050328103
-1.4020993048247274,-1.6973837858556706,-0.6648963055035118,-1.9173535326973545,-3.050072529212391
-0.7207421676513259,-0.07670902658869298,0.09838771741103067,1.0968226162879877,0.4844352185540734
-1.4398607160203325,-0.19834664556873646,0.5667527938665865,-0.6955921114738557,-0.734601494179693
1.5507505188253323,-0.6400646623728478,-0.7709102483722107,-0.06054363006591352,-0.7310544149597086
-1.7334732622617066,0.5395157315618817,-0.8123448786377463,-1.1284133723658039,-1.3552262925525347
-2.287484086499183,0.5738650717457048,0.4329994890391645,-0.9893550726199074,-1.5236473087958955
0.03045971238963319,0.8897003109181804,-0.009695012021328822,-2.0642576470880707,-0.25752351477860164
-1.3647285088776107,-0.14807723445599538,-2.016308504647612,-0.6873413544122342,0.6556843769328863
-1.0506320841067247,-1.0441949361882688,-0.8901776802202412,1.2926317621438475,0.3875796538873666
-1.140759756688511,1.371028959714718,0.5391387744190737,-1.7235633038975164,-1.1607610314899195
0.9111088193381865,-0.3829953439976365,-0.2702411806297273,0.03633376477466995,0.5653862125239412
1.3335988274551145,0.768642137936114,0.29287461893982863,0.8537019948307714,0.4101779724370263
-1.6985970847037577,-0.08732016964337358,1.195630376892656,1.1528671837056548,0.8510548400769942
0.3029091769281346,1.9691873304992324,-1.0800807518887545,1.496153806152891,-0.29303241676948105
-1.059193702598272,0.5311331745170362,1.6096833511736561,0.4192791863006061,0.19759233462087636
-0.21706757948999444,0.8096557511500287,1.9899815449458533,1.4128338917668577,0.8848041161461732
-0.019600798254355966,0.059359977499737725,-0.402395924835653,0.8443202052966238,0.8989939552017165
-0.7401336982952584,0.36999564597503803,-0.24943976705692844,-1.115935848910314,-1.0446005099608373
-0.7904921674396885,1.4324628604118994,1.0522574722210176,-1.0452485798127202,0.5687719961306024
-0.1127929990038833,1.2635192402253543,0.35993931037532473,-0.7017713930764193,-0.4598457347138005
-0.6820113227921246,0.6322671732736379,-0.7186625979590525,-0.17660684736671184,-0.7225606245528009
-0.5685038370551277,0.8838915654780795,-0.26320814688402266,-0.7314700816864147,-0.7668828651717065
1.6809237074424963,0.4391457506978119,-1.1233432675263824,0.29175347283784503,1.3423291641526789
-1.798600595116364,2.1864310873599893,-0.41281866900436975,1.6640788224818301,0.4727330327050904
-0.24107169939208725,-2.0547127792375854,0.33376002218573203,0.08840814041250918,-1.4719200472948977
0.8718926507974942,-0.5964191911494751,1.158780296451374,-0.44306969420232295,-0.34957328003327687
-1.9616188764580071,-1.210997908275903,0.615303457783529,-1.180933945783536,-0.677789908084969
1.1677574796865338,-0.08486626206319572,-0.2897021399155726,-1.4683659589424767,0.3362482123152986
1.2635447881566582,0.5310030681067365,0.17225997831411596,1.0204807876857807,0.5865704125387033
0.6250949834978135,0.9987256248006667,-0.19034232574894727,0.5995174773037857,0.849911176488333
-0.7304028110998493,1.6449618637604002,0.4862975168008542,0.3942499731750759,-2.4212126444873716
0.8748210202929344,0.5214063452699612,-0.19447436519252503,-0.5646701438680756,0.3816341871058452
0.10131244080988872,0.9629356597373236,-0.0341273257686647,0.784698864842571,-0.9773437688130099
1.8207127858657541,-0.8616193065675424,0.17013789125645412,1.290844238431706,1.2012117358190866
-1.5001031820142725,1.0311567427349715,-0.5953876153887984,0.7519077036021785,-1.4918527193788813
-0.13372026555927466,0.013921056460785678,-0.6150436183767314,0.2402311942149871,-0.8874708693453227
0.9708974951738376,-0.522182872171916,0.5423800733075573,-0.24345404339874152,0.2411400495112557
-0.9752988832629949,1.6266460765804138,-0.8759153578859322,1.1892688175982713,-0.7381085179715521
0.19749799157156933,1.2890096847897121,-0.2769867667736541,0.4317503930978033,0.5498143767498737
0.43267455636908136,-1.219410783763926,0.1804830775323198,0.21674867398438236,0.32588985783558355
-0.33964225905497486,-0.41771945556091256,-0.6350422340987775,0.41558769585042604,-1.5493651578288914
0.6082545190132843,0.02344680085447753,-0.9771342140401947,-1.743077192152086,-0.9143264601445436
1.3175530491897516,-1.9266338942279009,-0.6388627743984272,-1.2875580728434368,-0.20905578990336587
-0.638926476000415,1.0689745280563392,2.0999385668310904,1.1895706445312957,-0.8599218422078488
-0.9970852514977332,-1.6314409899051865,-0.7195715306045171,-0.2342015092792502,-1.3634793708823547
1.4602725230519338,0.8893716162547518,-0.01919504098721858,-0.14387346742986692,1.0705836868269802
-0.3458775167225628,0.47587829991946823,-0.5230844882394876,-1.0532402318251548,-0.02392286895072039
-0.37046538736810863,0.5608037453011404,-0.07513575910651595,-1.2416166600278036,0.22577963956224345
-0.7555201675991676,0.18432204006295388,1.9210954379612954,0.4254358736359747,0.4341692274170299
0.7153409120038795,-1.1404686730452902,1.2479660479935875,0.9451942363871108,1.512634662557734
0.11522530699043196,0.2352117638994757,-0.21998493699134528,1.3900108552300816,-1.5696087156255982
0.07795643223410577,0.13854498627148482,-0.1620931136863059,1.4841298694439602,-0.7937908775685576
-0.29519554650613183,1.5635004690667902,0.9561737036510755,1.1997936658389512,-1.153827963593941
1.573026053751636,-1.4997272596873483,2.076115798090149,1.1443422488422978,1.4208509166642256
-1.0147918825623412,-0.20296994713899008,-0.25174345552439553,-0.35674433730696775,-1.0422912973200207
-1.4202977928260803,-1.2009756234718847,1.9075267840038097,-0.042579980399591225,-1.7971053072527652
-0.7316512944806289,-0.8629108373194937,-0.7086937461059897,0.2593269943971732,-0.16082766217442984
0.9611826591579958,-0.6998307143639695,0.6947131810779881,-1.1580024762896999,0.1762580712462863
-0.11428509394383161,0.7440699880938089,-1.114764533292423,0.7194213143206535,-0.5077158372929567
0.6748550259491277,-0.17034152840222794,0.7281966613735472,1.698983003362611,-1.2836186360025688
-1.397674841572739,-0.28223553389127654,0.7112252337450781,-0.5385169635020872,1.3700201618000392
0.40938648335343814,-1.1861987652767099,1.7830086827451281,-0.8224291650779499,-0.17687109098162812
-0.0849114868123067,0.26056662114254214,-0.5022125438948344,-1.6685518527026075,-0.7210814076595554
-0.7706899238557898,0.8704516090119663,0.0884964754359707,0.47180499338601556,0.9432744105775731
0.12625954924844054,0.08566594865865577,-0.21424567921973034,-1.7010721925150711,-1.051248859891899
1.3751974864269652,-1.2031980910361526,0.14897645637507723,1.0645858188384179,-0.1597796921156665
-0.6321763834172619,0.4987764243738691,0.00010561480380362642,-0.03758691135438035,-2.293638610599571
0.3680794740562274,1.5844791235892886,0.5196928972505597,1.4105287287273893,-0.3211079628997422
-1.2110261832555373,0.9802237982971226,0.5348793970065935,-3.4233762182537504,-1.6331287742143223
-0.09174307119958428,-0.19917756412038576,1.8357401846512555,-1.3041313797837475,0.6424126697968429
-0.3795211201206723,0.06976816497144213,1.1992558102714868,1.1174526109278407,0.9799495014361532
0.659036354547242,0.389737691160094,1.1814313586528704,0.3489901538257781,-1.2828276323811227
-0.18021653016870773,-0.13152983380852087,-0.5433331480201701,0.8322275361626924,-1.6286082780796176
-1.729542103983754,1.0516155664724012,-1.4860623001750601,-2.12401316361333,-0.10710682256247646
0.8981955844316052,-0.5938953391243187,1.022016281664651,0.013831151833633872,-0.17511966695447836
1.2709258775376728,0.5901136492827549,0.12354485521578631,0.26147163609770646,1.082083848064969
-0.836078655856099,0.17040493494409154,0.13107549841135313,-0.5003503638648397,0.34707356687151975
-0.5899903289909388,0.9160743295308228,-0.3393549084959211,-1.1350218072838048,0.31842018415718903
-0.22810919960220116,-2.4744321360838053,-1.8063282230955828,-3.2028465082705675,-2.036137159854111
0.1732646587652613,0.3372577582770343,0.4663180941468666,-1.3227743814734012,-0.4404971809672093
-1.3879730478515668,0.7493334936607337,-0.9253355650180819,-0.7591192405809049,-0.40616015670105693
-1.290830935216535,1.6390933621098391,-1.8473039194261578,-0.9469747800907706,-0.617948036848461
-0.3865884926178588,0.7702359658558008,-0.5893087109441747,1.2180080995034266,1.7314091334440591
1.0061354448427409,-2.4247089911830466,2.1984323215472616,0.6148436942066413,1.373837458413705
1.4773286277840805,-1.4759075443099026,1.0193535674358238,1.0495184794279997,0.7951188822529729
0.6731634627120611,-0.5842436396860448,1.4556163042407007,-0.6383751187211115,-0.5168054164414937
-1.9031554634362633,1.508009546477701,-0.724457759825133,-0.46072661604967174,-2.2222049831932864
-1.1933941604667377,1.1576946261601415,-0.2344459336974806,1.4137492985752187,-0.5658928974989175
-1.0079231478743578,0.48309290293445617,-0.2565814705291719,-1.3128178588193204,-1.067354425325732
2.2319832489072704,0.007495554806839641,-2.659126761861089,0.3799390585901109,-0.10242546454588493
-0.5242814736271381,0.08926974982664647,-1.2051492780419597,-0.9109816250562026,-0.6072443225123705
-1.5764214067059665,-0.6638413583622035,-0.03704904204223359,0.9987715805635546,-2.620399229965399
-1.324098045790773,-0.5886675135348293,-0.48664854073928215,-2.7518647375885075,-0.3588351906175913
-0.6269518830861669,0.6904007894856794,1.6399148487051942,0.7154950414292404,-0.5928292148658585
0.8042460622259768,0.23303565027818526,1.303993124471805,1.2196756165355345,0.8140454186558608
-0.6675763092594444,-0.5375712459157947,1.570019277061697,1.8646322880400958,1.6524408516472946
-1.3460338010045896,0.45441623871988207,-0.5488920983600211,1.463866958817816,0.2950981848223982
1.5777072620095316,-1.3581651272281956,-0.042890792303147775,0.737522493331102,1.373052556667364
-0.8434529380841042,1.091708936320692,-0.9967432060260327,0.15906409146623754,0.21483770576400646
-0.12064969095008894,-0.831787553432705,0.9922679763214592,-0.32647269590786987,0.705398520784686
-0.538761574334149,0.7685911807009158,-0.16937571290107276,0.06872993165165177,0.6794577702593113
0.841734460204937,-1.3893428936392678,-1.66502107804853,0.006249181359219254,-0.21517980132571204
-0.8966138493608468,0.5794157333451209,-1.5034834239778805,0.5204763010300854,-0.30440370666214095
-0.4269202797557172,-1.0752574424381656,1.80845739801573,1.1475431176399218,0.8405885515518976
-0.5576388628150168,-0.7367596471519641,0.46338814200852096,-0.7787973364279007,0.684939385089377
0.07389289623148375,-0.7202872648508958,-0.44461659916965335,-0.1488964399581314,-0.9273993879171845
-1.75962162982218,0.3466602065942578,-0.675584353833895,0.18746374918827102,-2.873596331707027
0.504562965723079,0.12492353992195845,-0.10007585395880161,0.5294829359361022,0.3418017523928145
-0.026447897181256088,0.7879847697364714,-1.0912697898136088,-0.5173365882681229,-0.8285250828797501
-0.8344993766149147,-0.5956173406176164,0.6835095741099096,0.4575572939440882,-0.17292845110808627
-1.6165556708185547,1.0474430232855174,0.21937923713713126,-0.9034171842693173,-2.583281529929601
1.8098847281848665,1.6060197891859598,-0.14955149718216945,-0.13399831277265395,1.0933447533459597
-0.28433681896216756,-0.013284239160405536,1.4664964498596589,1.4144390824029611,-0.02866780339749525
-0.41052556211156643,-0.9066401976459223,-1.2011689658572144,-0.2273626712999283,0.6461390943533701
0.5600988417315405,-0.09136845892058423,0.05027703189668796,0.10433219191991801,0.7953113252571632
-0.15290337024987052,1.1852383282400674,-2.1282047573462135,-0.8603359487652223,-0.284468134963372
-0.9734838808446724,-1.2434517069885866,2.091906097014397,1.0629770583396994,0.5932364927135299
1.3479544312145866,-1.778049632001754,2.0222466047934504,1.132753127896185,1.5685139390942446
-1.3064128176440593,-1.3525666690015508,1.3477017961536153,0.42345496664382726,-2.108611538286433
0.10367006953502453,0.2728821558989926,0.5947621653886862,-1.6189725438747848,-0.42935238084168015
-1.3877763377933092,0.878887343736701,-0.6151574583048699,-1.147956010153345,0.12471432378379502
0.026394759918025045,1.0112312563881496,0.6279484698314729,1.6748768310980875,0.7994343010148808
-0.2744595861463682,0.1980412811673457,0.5478731601111124,-1.361717690631357,-0.8761470129839074
1.851310505699309,-0.9784125892259141,-1.274000855917774,0.4439891824840596,1.0668975593580199
0.8180708597088516,1.140849450624199,-0.6788536173076499,0.5672397005567169,-0.22192083285036943
-1.964265720243496,-1.6677707399085846,2.2691475277605457,0.24926958177037323,-1.2173632714377902
0.07183374468514646,-0.41923555821362307,-0.0009944312431130718,0.721261346874231,-0.03052108089772902
-0.40004920487718765,0.655388964574598,-0.6698615616253567,0.8698789813101043,0.8239048280539709
-0.6919551703903929,0.9111115415048897,0.8625369419286644,-1.0499825165137056,0.691247351798128
-1.9142191165746303,1.991601667889473,0.06926292162700252,0.3609898509617545,0.4633144016772356
-0.7317913442172502,-0.22285529665532544,0.1421052973770602,0.7096872600424639,-0.02065311031440784
0.6186793590191778,1.605965089209597,0.9280506607271337,1.1324183103672334,0.7325628948534673
-0.48185386139236536,-0.592152776697094,1.742414218708266,-0.7868861561802479,1.4361583266971123
-0.5963393552396085,0.8595442677262993,-0.4073105963840689,1.3716004020709869,-1.2495024096177314
-0.7836188233586936,0.9957159811783227,-0.15786745818933093,0.09023844294335294,0.301833528817414
0.1991649988475034,-1.9490618739591232,0.4664252232597718,1.613311834744516,-1.7277286829409229
-0.3384954732929534,-0.883480199989727,0.7422338448513164,-0.468732230783981,-1.787759717445827
-1.4969398093858448,1.2918202883870527,0.11779168299999156,0.5098628894008547,-0.8335884505674491
-2.2613192272201195,1.971337809305709,-1.4066516835795897,-1.0303344522141926,-1.1600535415929583
0.22956012008456855,1.24810076361926,-1.1834094569339852,0.8510701603347326,-0.9518230748970298
0.022261219657825678,0.5804477813176907,-0.5962482056332333,0.015242365900397742,0.28356478598528473
-1.2000492209006326,0.5326677062697626,-0.2140692306498538,-0.6059375369336502,1.0541714858071585
-1.0996479357977107,1.2521756900092569,-1.2690871285394427,-1.22879706016851,-0.2843095711777897
-1.7085738528771663,1.5731499921693497,-1.3917016123948638,-1.9675336607539269,-0.798058994057146
-1.4668663890190667,0.6480537051125939,0.6921906903169969,0.6309991750887642,1.2765418297173194
-1.0077661019192679,-1.4063511612990884,2.211521645978786,1.3463706979367185,-2.6268458705342517
2.205542735763079,-2.135409122546083,1.9787981008256232,0.5899500260698222,0.9038453807908621
-0.8192251025247835,0.3147617751782345,-0.3279097072597169,1.699209223081364,-2.1316772061360245
-0.43666413591920594,0.8417636086893949,-1.1934674644171646,0.5429461170800229,0.4133995245521636
-0.6747051557113126,-0.7577504082927223,0.24932045170298928,-0.18101230387719341,-2.4607794642820355
-0.5715086861453389,-1.331081713977001,0.8060336272519688,0.3124477456705705,0.19541009148794583
-1.218151776182957,-1.3078855868809633,-0.7502892606678156,0.7577503953392764,0.16132282367278608
-1.865732859234727,-1.0289924153051309,1.795709885430302,0.15939009862981987,0.6474818559895643
-1.2366532174702347,0.9011738218321828,-1.0158799234896674,-0.6531665946303016,0.1439431579197843
-0.023747075397845995,-0.9096238089275103,1.0728340523322222,0.2576838302708121,-1.267378930817306
0.5521298089815769,-1.2928842955207653,-2.2702298533173373,-0.9149026031685746,-0.20621065211821435
-0.3004386236648558,-0.732883224335116,1.446321701544605,0.8766638368954857,0.11082116384064468
1.4079792755695544,-1.2739974808890535,1.2897779410194616,1.0768569070873815,1.2522411536755542
1.2373039546157596,-1.0957649529275835,0.4638121365171809,1.5401047596668138,-2.7129722609348814
-2.478852117516269,1.8387475678891307,-0.5550377793958639,-1.7935147665480125,-1.0703395285533734
2.078650298494476,1.0553126696845603,-2.878735139543101,1.3500252796888423,0.6165332299169857
0.37216336282468004,-0.2929848920830473,-0.9217001033261103,-2.6324861552865455,0.2711844191825313
-0.19382370422367476,-0.8616194964682161,-0.3102389330137276,-0.384014915025844,0.39334498320315764
1.9029545371731422,-1.4765672028491026,-1.659993227119998,0.007943203040337035,-0.14200004117305956
-1.453433061977217,-0.361478972878545,0.0715733663217643,1.8410143042371307,0.5488299581818549
-1.8339092776479775,1.0899269871171113,-1.6681352944013341,0.9698917115883711,-0.5657446587555888
-0.1398836574757615,-1.906456572187583,0.6503991219404291,-0.05609757006997214,0.1757473029302939
-2.0570356589992347,1.015741151893344,-0.8080318554640358,-2.100737023627506,-1.773312883699138
-1.96698977848415,1.518127344566344,-0.8849297548338709,1.3147143133648438,0.6634368246983068
-0.36684368443993365,0.6445402419303572,-0.9972312757202716,-1.46470307117515,-1.0443624781766034
-0.8167448546383296,0.038123852156955074,1.3171136999629107,0.40900186704914043,0.8316701546762016
0.5121098820457815,0.0991546887074539,0.2784782017499426,-1.4412126890940808,-0.13834328513288346
0.4944236742213608,-0.6488984830682247,-0.28093010293210674,1.168414051429531,-0.06594386121115639
-0.36776579930815256,0.6589335207678679,-0.5729691400069004,0.9954584949637407,0.10275551647342783
-2.009249105547397,0.9038349996718217,-0.7019171490026888,0.8556682088754267,0.057915070598822393
1.1794529723867755,0.2348046611133735,-1.654079361132423,1.122023161161288,-0.5937708013708899
0.9405459156208505,-1.4735649234423593,0.7264490120649798,1.0216529681891013,0.21005724095038483
0.36625477648118293,0.1260426041883614,-0.6594647647603092,-0.5334135945085957,0.4667725149391922
1.8474176151224049,0.1753689868122423,-1.6758273722989072,1.3997165608311029,0.29405949218101063
-0.3121284781780019,0.05063263068444082,-1.6329811621726373,-0.9870516795237583,-0.31986004464265166
1.1609472992317953,-0.1459633466060879,0.3779107987460562,1.3629151248759457,1.33083830688154
1.287467960754144,-1.416791592796671,-0.19672305682152644,1.85464601165537,-0.12168892540280489
0.31514482922609627,-0.07282465308876725,-0.34376682280690063,0.059548449705757005,0.5065083076851663
0.6301248601961439,-0.6119718685672495,-0.6937563471211874,1.0832974334607373,0.12916207482355394
1.7160737084779591,-1.2415523024063404,0.028811782559813197,0.7765642865921167,0.4801483921362759
0.9850528710850203,1.2380746681766812,-1.218695904484205,-0.2746038310151352,-0.920180668181659
-0.47701567292596936,-0.04902708272794951,0.7453474388696337,0.9549806503591163,-0.06709619729848668
1.8489344828245493,-1.5285215338905018,-0.5141062577166396,-1.0448546201939932,0.7814792365689881
-0.28282888294662945,-1.1398666238656587,0.9660873269670851,1.0692179870205212,0.6834564130483309
-0.10533604875191357,-0.027728301649493307,0.8568863344241033,0.6621335070287427,-0.7288960468884259
-0.37624960000758517,-1.0638478569002592,1.2069742212946855,0.031084215565733687,-0.6243373270249593
0.8799029895962233,1.4109004866543977,-1.2697357266133626,1.2667270423792667,0.5201922244352232
-1.920404258008187,-0.2544876664741987,-0.7442188780382494,-0.20910912090803868,-0.6710176573616861
0.46952524455457123,-0.24433353805753738,0.19410589226399422,0.6919775198931554,0.07222173703412536
0.7156524228465349,-1.4788280697737788,-1.3959294876313892,-1.8862040476511561,-0.22874015226321637
-1.4492518955207152,0.9087174220198156,0.09335419819794417,-0.5975454967232143,-0.4617150524059897
-0.3012821018911789,0.39219585463205686,0.2595630303081289,-2.123183030524502,-0.7160292536534727
1.178223385306895,0.3792904683521067,-0.3476938229494739,1.0726126229844586,1.2578133434006022
0.25451655242645504,-0.2908564712971208,-0.5519402466705019,1.4818871349905445,0.4347492869606658
-1.8261414288411346,0.6023492166360304,-0.8318459771485319,-0.3783475522312523,0.9867989998224757
-0.4270331943192483,0.2126314363436108,-1.161202509549261,-0.052509422338344464,-0.3383250233922869
1.2851036054870109,-0.35499864130571135,1.6655102607216272,0.023568121702417018,0.8830767821148141
-0.9668680995915135,-0.5889637421383126,-0.573053969521969,0.7324889132678015,0.9650215218860927
0.027558401971127064,-2.4005726056477057,0.4248687896080672,0.4544577310899223,-1.4329444380201382
-0.19047243643413037,-0.16966514857239057,-1.3710078630550118,-1.6159996590852137,-0.028620144432672502
-0.6765460195547822,0.6374779859368447,-1.2460565950520206,-0.19090621842415434,0.16975633032846055
-1.9705394563686494,-1.6065839039171885,1.2753471700956935,1.1530302881476941,-2.723477534819706
0.4924707205653816,-1.5853023909639887,-0.8111031306698382,0.6936823565698145,0.7440008498063129
-0.6331873062897216,0.26672049568150724,0.02199151325485971,-0.4248990816858043,0.2515819405305892
-1.265354790666963,0.7721821337369057,-0.02882284259627562,-1.2335863196289176,-3.285334769122542
0.014383537451858525,1.5914728008202723,-0.8883465312350027,1.4573136962428321,-0.44546721899942865
1.9619970377436584,-1.8911562105730964,0.058148993936340404,0.8156850812757147,0.2301333452070805
-1.064433193652151,0.11075761521291413,-1.717239627296138,1.2955009442304188,0.11954000471747848
0.78714170735769,-0.9145061207133081,1.676958480839334,0.5676229351324107,0.36634716622980834
-1.5969984726461106,1.9976116195494222,-1.373304668871747,-0.867603876540352,-2.4664240731737004
-1.1822184363902966,1.1459854011124149,0.4524993766097417,-0.867527675463818,-0.42966785388429984
-0.006491169386519915,-0.42946093794466833,1.1623171027377954,0.7422760101651218,1.0589321323468777
-0.511491107517847,1.0368026749381578,-1.300921358797599,-1.0575827853600166,-0.987103285484594
0.3077779337584055,-0.38583330936209714,0.5114055691878877,1.4830693428599067,-0.11393769686905604
0.09538061998331303,1.0801893969444492,-0.4795667246018902,0.06833804370525028,-0.10705114312062207
-0.9872937852413076,1.7299442185848672,-0.9371641507721119,1.1408624957576101,0.924165976035983
-2.651229326010398,-0.4568287203562557,2.1181192268777562,0.664057799481237,-0.17356341757926727
-0.20173526165452452,0.28777382533730206,-1.6020960722187778,1.4321783624077973,0.9656901934506764
-0.41534829276732155,0.3875045087896073,1.844446162301104,0.0337465472563437,0.9495968548254373
-0.6912192245982005,1.4015057276413991,-1.5736236137296125,0.05480052088718513,-0.0293725051695648
0.10574968939561359,1.6491575581946796,-0.4272299408800723,-0.5329550696285852,-0.37528539397072386
0.1498994923340228,-0.9684133787713594,0.3858358074581787,0.9484454609154277,1.1348510624615082
1.0915860607375338,-0.5834317868643829,-0.6595831868009819,1.8269107591075369,1.4624297796949774
1.4586435410824543,-1.7174630360096608,1.5248995171176423,0.7340317607412097,1.4455842731796185
0.5860139721813186,-1.9901736940065822,0.2809757275778569,0.7094265139954651,-0.7040990161483353
-1.5773734646873774,1.5515088512831203,0.12849325343788132,-1.2676004383687522,-0.3175155366458139
1.239515225512571,-0.9617647021188183,0.3800918018470211,1.5301031730034618,1.1847085518045628
0.9602173943730161,1.0345218071329536,0.4670403892668463,0.302629965119566,-1.706974822674722
-0.8606151587209321,0.5736554654038011,-2.2281488227597306,0.7481395329022282,-0.8047309375179053
0.7927743305502155,-1.1618878954350271,0.1362731884218322,-0.05555611732056163,0.3402231111125413
-0.29278568271790645,0.3616494899042476,-1.0799730878125138,0.008647330259584016,0.9774616064841198
-0.6202466321416226,-0.03934156289041566,-0.7269386585885946,0.20584530791997838,-0.9338724741126021
-0.4501198794761368,0.8709479607018855,0.2396216765047684,0.7615831860956452,-0.6802420566438175
0.6611946166360135,-0.2790836127169815,0.4903973914919964,-0.5600215152427225,-0.17129084426721478
0.8948276390734553,0.44484796891681483,1.4528414811558772,1.5603341239070088,1.3283215023353903
-0.20699535154304377,2.2331933359062024,-0.5506865564790743,1.1171453283962556,-1.7322187302453351
1.4755851277411005,0.801354085763764,-0.40663227133857827,0.5524490272651088,0.7127937624425023
-1.3663357985338378,1.9750965313738595,-1.4551130404763903,-1.5044797650458597,-1.9238869836272299
-0.5327560205110451,0.7533352850117824,0.1623990425510143,0.0063819758897184645,0.2806366208232861
0.2049808685807444,-0.22819455065168162,-2.481669137187927,0.68953813957316,0.4553986154939586
-0.37795349980966253,-0.27261597527698556,-0.311369732992021,-1.9904821791978566,-0.5101877726466407
-2.0332384841315747,0.7406293290269014,0.4455621896266849,1.0897126751254909,0.11563716545018149
1.622880890933827,-1.5627947049927688,1.915139870690295,0.2830674824519295,-0.4161101103197514
-1.2138047704418884,0.4033275317765254,-0.6147699402486995,-0.9413470016777453,-1.2066994161525035
-0.9508694612349907,-0.1926771906386476,-0.0768619561908334,-0.461828441491823,0.2344012721647294
-0.8998321635783216,1.9726314113922363,-0.7364106060848308,0.06106658503844994,-0.14146266470767518
-0.3453870714722069,0.11249369232820967,-1.19621271835373,0.9562416932787217,0.29902293958360565
0.44368651362764,1.0856786367052624,0.17037854260657379,0.34406163384729194,-0.5709343363932466
-0.34074465251635205,0.7393400070600339,0.2840244936513438,-1.6277307984259481,-0.018771527763902337
1.3194456892287338,-2.017784452661434,-1.6518438139180467,-0.4642469472165647,1.7308504811950582
-0.6247001983966124,-0.4348529874014975,0.3025203276723666,-0.2914050337851326,0.5199062355507622
-1.408640511162029,-0.9267026399069667,0.37937640941818096,-0.8061118392353658,0.1082204879529383
-1.6121267475653351,1.7056585446893833,0.5053481525966501,-0.9045638151238854,-0.7230001142506444
-0.37117582044336067,0.43229677553764345,1.4087198886189336,-0.14799707190906583,0.38331444325566927
0.28696195949818143,0.233962735915928,1.7663540345791744,0.9375631943886568,0.22106315887564293
0.29493248452305443,-0.5866929553923677,1.3424510481682426,0.1523320552615202,0.6155294413417765
-0.5307627843313569,0.0720653359917055,-0.994916159907527,1.0153781715610317,0.436759876866828
0.26379129297437104,0.3427127989364885,-0.5227577094852048,-1.0594697382116829,-1.6288247903449873
-1.6779665422301686,0.35277177000261534,0.2806267727777412,0.8572086786808035,-2.4943250841659768
0.8111161190621304,-0.3475011269882202,0.3813508851652494,-0.6493481993018728,0.27381753877113696
-0.9675979218111344,0.7357223818260996,-1.448366097229697,-1.0043857172149329,0.27716596997886306
1.067335382229399,-0.5107573655620926,-1.044179055674641,-3.251031912072807,-1.6531238953828364
-0.3285268556056651,-0.19723393087678237,1.5785772847213966,1.484359443359229,1.0036294519278428
-1.5836241903898567,0.22145353513517602,1.5103439643129795,-0.3894985106702602,-0.43974095629037924
-0.5946252341890573,-0.3401025387285232,-0.17631783825274122,-0.11440380160421358,0.26843562763178386
1.1652145844264832,-0.6979045177615836,-1.2274513217044272,0.34494498285949815,-1.4720200134562003
0.8128157261966865,1.7950450522716879,-1.620793466529996,-0.9315485782171424,-0.15005149639875354
-1.023533854114003,-0.9220577705372619,0.41516398071539484,-0.14522578618013715,0.8869403884559758
1.0636435155431998,-0.07501097793835805,-0.660317787454557,-0.06985351128986815,1.1804685302589712
-0.5777233710778289,0.4042252133609264,-1.379851015255503,-0.75556744209939,-0.9734254785474259
-0.44289039948071585,1.6424900282551043,-1.30615730986979,0.8250285743410583,-0.3773453293968873
-0.7785621247958417,-0.2867330399136092,-1.1180864161958084,0.35524579588463,1.2780095012650532
0.5896938785601529,-0.7106087454686509,0.9678234148005365,-1.295955000110963,0.622508096143608
0.41124635598605386,0.6092197111906917,-0.1680033700616905,-0.3655029281072261,-0.2596783473368122
-0.39762103758932954,1.7339685995118155,1.5751522586018722,0.9985704366993043,0.6581321218287521
1.5371263594278426,-0.12260784680578388,0.1007125769574464,-0.2678218623477668,0.1957147212441894
-0.8860946601240315,0.544316513105415,-1.052464948548664,-1.3540540797820453,-0.7303736022026016
-0.03203764700624132,-0.9996467237591673,0.636065393771081,-2.0151213902470246,0.46110856707871956
-0.03796758612528939,2.421698746172694,0.2108670179748477,-1.7090683633468884,-2.5138610990959793
-0.3008653801708394,0.028909077631249964,-1.6859731280081578,0.09432195801404598,-0.6181843369412675
0.23607893168602412,-0.7911025666979401,1.6147522440035773,0.5160433170824403,0.2776023730822381
-0.024201709788182278,-1.4473310852387282,0.4979159450847582,-2.001870004071125,0.8321171840000573
-0.5588397229459751,0.6008819838481232,-0.6357881898853998,-1.4324986321107378,1.1463139370506668
-0.7085750034946985,-2.0645112453075525,-0.2481139649731738,1.7060603636311273,0.929033543528099
-0.7639699281188843,0.2933706745322878,-0.038548440419920886,-0.624844744320049,-0.005339856286879962
-2.163700327895025,0.10447028687869248,-0.0839777619580233,-2.0861093832501765,0.5600070529524408
1.4263529356936346,1.1157756347599677,-1.0654988218821146,-1.2103700541986968,0.5089034991047205
-1.082579297039015,-0.502895042518034,0.8009116520562031,0.7219016498642536,-2.7709546956467133
0.19556848488746975,-1.6981830294374856,-0.2806011021081876,-0.6925009176170506,0.17837089544593615
-0.27600170562446796,-0.6280621145417261,0.35792625355278335,0.548363013169421,0.1704603225274647
0.6249328244549718,0.8171970379662594,-1.062568933557508,-0.31629802570907295,-0.3291366529079577
-0.9496445476205536,0.6869072433592359,0.8542962982309841,-0.4304020945240106,-1.1029085347264642
-0.31734806920444064,0.1549955626646892,1.620997800132924,-0.4690219313282919,0.4694328777795138
1.05653948870421,-0.32647990499569385,-0.7858164314232172,0.7351599504672408,-0.4608683364870335
0.9291522631184516,-0.7471976187792935,0.7700561565205456,0.8133553620621551,-0.2365857292431616
0.6442834837623489,-0.04848109166822082,2.443162889469675,0.004581824499022277,1.6094194856238941
-1.373405814577146,-0.6622286661978941,0.5755968578852207,-1.8812497064062657,-0.19680246267860843
-0.6287609222789479,0.3040832129272479,-0.23213782252069046,-1.8090443664931428,-1.4392785197242628
-0.5704502412860661,-0.5174620977684588,1.1669601507999252,0.5836718307146949,0.1658233268633791
1.1061898829282413,0.45979946074457706,-1.0292774871510604,1.2300223597106779,0.08854912363387087
-2.0404866985111703,-1.757433899817121,0.2213809998261112,-0.4172982270276767,-0.9599170495677398
-1.3479563360062163,2.0865992429996796,-0.36710791919022356,-0.5317315521998349,-0.180793782743461
-0.5534203251371883,0.5096003136190483,-0.21441350874955872,0.07635241899096103,-0.01001988473698678
-0.4971575702046192,1.0731780334671734,0.44837363320961576,1.9568490782293289,0.3976377677004867
-1.1939306617350527,-0.4772587992930488,-0.3341926427419532,-1.1635079378425042,-0.43897822001438286
0.18148678614646,0.4838206111057264,-1.130889858651033,-2.010004790876937,-0.1136971212849874
-1.590372869607124,0.04605546452752883,-1.333009276335148,-0.4978804442985977,0.3728438546951045
-0.4600852889003321,0.8648487593711172,-0.7439289445344917,-1.2416465540846944,-0.6014093446246609
-0.6667699192983957,0.32526376570335314,1.7855284411390717,0.11402526974928509,-1.0348690893076264
-0.3499124233286494,0.8103321979932618,0.028651456462414487,-0.3299598960373218,0.19385994307577317
1.979959014068959,-1.888451225298719,1.936481455181689,0.11227214083001467,0.7145291164269594
1.1089409697253523,1.3619871982965033,-1.5082638841182736,1.3731574200278387,1.0219338478920057
0.2749394537160871,0.4298797131504629,-1.5507622181605802,-0.5424054708313799,-0.032586088836946185
1.260574833441085,0.7679871468229568,-0.49043362344726504,0.2303126576735524,0.4021232372032144
0.32507762688111796,1.448489483410763,-0.016743736019507478,1.080062036813058,-0.047646491892408736
1.5941153159153787,-0.4049595921568376,-1.5991377306549381,1.2183404238896491,1.1921660405693733
-1.49685357319357,-0.3228567139272603,0.5734868280088644,1.34579709000326,-2.520508385161172
0.16846731532110726,-0.070688121758109,0.48897352077263917,0.9538856031810049,-0.19682072685637172
0.6743922208702522,-0.988869117069192,0.6652199483610733,-1.0194641013518593,0.16808674569106682
-0.2284792980493901,0.9587081635869122,1.5653496850050996,-0.9904185189694801,0.2651226661282058
-0.800161758983856,1.8363467872973556,-1.1923682600978434,1.5798708703021533,-2.1891912352445866
0.5528130301721361,0.6151305987230448,-1.4215296285075194,0.031054861141054046,0.0609829993887837
0.38884931746653495,-0.38585177383646146,0.6994475710334883,0.9667636074855785,-2.08967008973013
1.7658742920372075,-1.1631990773773881,0.15295081848327285,0.21501283731036316,1.3257762735176608
-0.369730045031764,-1.4452734414838855,0.5673509244916056,-0.10236260591402065,0.7447130533619238
0.7755683840114149,-1.1300519157683049,0.8624819040149331,-0.21347705958414204,0.24114915451111216
-0.6728795376889802,2.083716297371674,-0.5792978823480734,-0.30500425483665117,0.26693617971684713
-1.9091321207096896,-0.1866138170616838,-0.7280974576840891,0.37875982601581965,-2.406506812756042
0.3131874346654891,0.9061750278746293,-0.9257224143210752,-1.0620382371657773,-0.21973741592212465
1.1302307918632846,0.24628229901482754,0.3395770485493345,-0.28095740991044693,0.31371027935513424
-2.371575604361197,-0.35476230900983374,0.25590798378302887,-1.9788910537311242,0.6799635637053966
0.7108603633900001,-0.32970329561770717,0.6634421978030259,0.7473910181727864,0.9976144901540095
0.4987367284263701,-0.5184924503861991,-0.42718811297751397,-0.7126898962314449,0.30025522007984634
-0.6025347612130636,0.26176743747968034,-1.069560690484495,-1.2376020873494933,0.4490023002841635
0.5017051948580862,0.08407715423467874,-0.49340805124941794,-0.24613398059982367,-0.3629055842016105
0.008719577653493207,0.02578164433521025,0.09014342066115201,-0.01841203690787267,-0.9940518180768305
-0.17408371078579943,0.24508390635509583,0.2500668842112914,-0.19651717421273243,-0.20207240452600714
-1.078836917256779,0.31462062456840506,0.04368881823388189,0.15090043832455047,-0.16385573326797578
-0.29667927755884804,0.6778924883829369,-0.5661586264120522,0.12650880884630125,0.8182382277661501
-0.060040618162934906,0.13715145462739708,-0.013625713348318403,1.3764834801331733,0.7192624507078911
0.7109084986458428,-0.8756687518672261,0.5673031961073772,0.41454339663419554,0.5058437632737116
1.2315734205439135,0.04251939672846786,-1.3252329945499635,-0.5158112339838492,-0.4768699636321799
-1.2676301127628533,-0.0006956361530537532,-1.604537744179802,0.7614120192469137,-1.1414981728490956
0.8197921953528738,-0.9047228707727912,0.3805206434520925,0.24738845703133497,-0.454159463786227
0.09881551429923523,2.4186442606381715,-1.3248645044116643,2.0583524930147954,0.6168090463027206
-0.26056534884753607,0.661334058673892,-0.7812522737550485,-1.4149929057845687,-0.6989775814252802
0.9255163096257053,0.9101213890847942,-0.0033643107497234766,0.5473378258806001,1.160269755344538
1.7932122712986873,0.5493064507763268,-0.33104406825310784,0.8287290767752034,1.3852580426379513
-0.10161440356382594,-0.16048374585203307,0.4098581902563116,1.1802851292588628,-0.7149339899525123
-0.21563513709469895,0.543936721603149,1.4342684325886268,0.1577695743117353,0.32656159102938787
-1.640583531943791,-0.5078929375587838,1.016090002502923,1.1337532095813592,-0.5318456297442721
-0.17617051181952262,-0.15715087494308372,0.8006491081126529,0.4751956226253848,-0.9830039148264055
-0.7618351781643272,-0.028020204436382794,1.3764224718259233,0.43299323005874085,-0.1688331526182579
-0.3054418262413056,0.8193892330954379,-1.4787122617471726,-0.8554239243465475,-1.423303996595465
0.5083840415522306,-0.4847146225721115,-0.026540932460407795,0.8333020628839275,-0.018266756715353535
0.48012057699472094,-1.4044953822545416,1.1536281209245267,0.801894077390376,0.8115250879129439
0.752265822471717,-0.9404360554483242,1.6943849569209777,0.8308218567763758,0.0368685938775608
-0.2548321814706229,-0.8169790480424667,0.5297183877468405,-0.5584574555738078,-0.06734609639336686
-0.41818317057581783,1.0875520614050833,-0.07023206940282471,1.1341925146163527,-1.0220396768034774
0.7358592832689004,-1.4389442441306968,2.0930662187885796,0.9541067727936023,0.3999388855684608
0.06539785500972457,-0.1467432785651417,-0.5599848007176933,-1.5230530881352609,-1.320288418006258
-1.6538010360186868,1.831743984409129,-0.22586677787131482,0.460764661550465,-0.15975730037658292
-0.26459074639640784,0.4208069588025354,-1.9926523910538274,0.9954043149655579,-0.699259213571792
1.763920997769458,2.0084615825353005,-1.491803506602259,0.886103919346811,0.1975904108060275
1.2054920665881521,1.8828687104861697,-0.9147714610830372,1.9230806585894784,0.7068970525429166
-0.17770321092864952,1.423109610192901,0.13842205897944784,0.5368694496157511,0.01145241263272671
-1.238299030846347,1.5068549773886941,2.119416115132797,-1.1486802625913766,1.1674539018466503
0.5467222306205078,-0.26123675458331214,0.5895799727991523,0.4335681091807337,0.8683130515935031
-2.161720328028765,0.16274626402214806,0.2460746387488283,-1.2143036787682477,-2.5065157035867185
-0.870329642669617,-0.4991681153498502,0.2726406147216187,-1.3387069496583341,-0.44214758249120645
0.20871759149795055,-0.8227506481394853,1.995585408577554,0.06998749694219787,-0.13988942889314412
1.1083509013078605,-0.8137758144811665,0.27535611350390005,0.3817082008425695,-0.06467729867174915
-0.8351505348703384,-0.1370016006074997,-0.9689311073590429,0.7175563722533014,1.7449106560455705
-1.5907321821499065,0.896326217647958,0.8573844984195541,1.0146106425397547,-0.25533027345625675
-1.541508048423398,0.6074453365308552,-0.15557767754919982,1.7916088683455593,-0.1646464455960808
-1.2205164527863863,1.1443444435533399,-1.197700463762404,1.8145844823556114,0.9834106089907365
0.4421834747738524,-0.5874128730924776,1.3702616026219487,-1.3895110547418519,1.2358205525450332
-1.3230913916054574,-1.641995606469716,-0.682258657370229,-0.33072550559746283,0.4690893219397837
-0.4461728293986165,0.7681058224575966,0.6226537320958013,0.8165520568322149,-0.5902507493239779
-0.1701519269925469,0.26127128843616637,-0.08256367027759605,1.2311422418246558,0.4583547709797058
-0.013549363630368757,-0.2642411732174742,-0.009909253883547613,1.3297642786293948,1.1427883738956377
-0.5342126486383508,1.01815111914045,-0.023143984963919072,-1.9427545981490102,-1.3803968369478508
-0.3440981640593207,-0.03855094559403407,-0.9182607763410233,0.6783236851997503,-0.9949752727542422
-0.24994208932584913,0.4442578260776021,-0.799777591903171,0.21530202255178674,-0.3091393072422144
-1.7472115263982477,0.24537089028203438,-0.48124408662155616,1.4984702276318564,-0.129067021422942
-1.2144430970066902,1.0199132087055647,0.79112371335276,0.5984593369740907,-0.3123419927453538
1.136382652236231,-1.1413908576964624,0.9608879905054821,0.1065813526448684,1.1041898789821265
0.6415225366687786,-0.32995216147103307,-0.8642526231963278,0.10652439724709134,-2.2124873200954966
1.9241734846654048,-2.398266062638989,0.7256729117699278,1.0611127519305303,-0.056024642906120754
0.7943842920826929,0.7435252597901034,-1.603978031534143,0.8859814729213527,0.3003272500354401
0.9891385584543482,-1.0343793831436747,1.2678403314114068,-1.017417996160611,0.1825803005917886
1.1274852893055463,-0.4566552384812197,-0.8490407464972768,-0.5087356856418076,-0.1208731097882343
-1.0053074009927994,1.4283406462627979,-1.8895788879512103,0.4071446430826872,-0.056603475670313694
0.8538147277798721,0.6809971887499192,-0.6694994994044263,1.0574825138765231,0.7748166489242242
-0.16510906870198322,1.2975832336837112,0.961967630252862,0.7742010418808803,-0.7601850875604101
0.25617786496557865,0.7790881536269855,1.1147707078603195,-1.0224892005945825,0.19796673908085322
-0.6075609089830174,1.5438812976872347,-0.8391755238948823,-0.17069488797156812,-0.5523432531871239
0.5814575529793171,0.26681704839609344,1.3846378942835975,-0.057291732931105295,-2.4059489184329705
1.9821043845841384,0.11526089300267232,-0.03572123379685496,1.522064616896863,0.6632732203735697
0.125890605104424,-0.7575192671474429,-0.8856885366205783,0.046492482162482994,-0.6815296637014756
-0.03292529718217888,0.8223397575060104,-0.9073943287786771,1.244312760509668,0.7791226011447311
0.9693514063481499,0.32404266146025407,1.5353020059588112,1.0641561231299512,0.5724080805928875
-0.4501931786190506,0.0901297041547516,-0.20922970249872228,0.9098737686575868,-0.588311643633525
0.02798568701730932,-0.20120526537765343,0.2749309970399648,-0.4585415513704215,-0.7173784601848618
-1.1013100058384282,0.4276615240557147,2.068328718471352,1.6601080149528198,-1.1902985432400264
-1.5756651702170799,0.8187699583889455,-1.5431553338919,-1.1780391800550554,-1.7408999296349605
1.0391361424488819,-0.8640353361843576,1.5171773629201384,1.0232727174294158,1.0883439168572644
1.2622037833009494,1.0890022068992449,0.003836980972924139,0.12203851728091684,-1.2104401747346234
0.6833558400067882,0.4443814955433868,0.11532966290249913,1.3678655560267323,1.0456908649611956
0.29917230522914434,0.12811511172857612,-0.41001811336765226,-0.2251647896587648,0.36296976286129806
-0.6716447438929938,0.9199807712086021,0.20324328067349667,0.2136855477596695,-1.0076049758624108
1.0969293430362315,-1.8366350816129982,0.8463232231828028,0.1450609207986587,-0.7450488839181564
0.5771207990731859,-0.6741499834006873,0.5895256148245301,1.7697124406697013,1.3454853304337113
-2.0319879418577225,2.0043322770878484,-0.7406668110294795,-2.0614046133560358,-0.7918213505378657
-0.5630928321989249,-0.33328505742726405,0.47402458810008813,0.36502712725761843,-0.4075614631445305
-1.9416048177068457,1.2160648676062236,0.6248151837640669,-0.3967554440538906,0.6743222098136757
-1.531038401212825,2.093589218667415,-2.0798659613286805,0.20406827144478265,0.49066471133051714
0.7355672301786331,1.4084605062013493,-0.28938548383681567,-0.23563647395744214,0.9512165377343296
0.05171171508409293,1.763536433322077,-0.4511967898114969,0.7222477767045005,0.011358847716948069
1.3042434638093574,-0.8265418398587494,0.5007174711212353,1.7874722690050313,0.3331197602608558
-0.39498373888644567,-1.3762419859432042,-0.585215806896769,0.2716079752809741,-1.1395457214940656
-0.9201450891911674,1.2468538078082325,-1.1100930113564218,1.8251009556949267,0.8538519293793934
0.967202792586365,0.7404619883659675,0.7271399367527244,1.3772694959245928,-0.08550024437066518
1.3610110498152614,-0.7172039492403136,0.38348667820180093,-0.27629922665769724,-0.031052938183119175
-1.7930487146460397,0.2871320213455949,0.5838867938699691,0.9674318060010544,-3.1268650851460777
-0.42042227046516584,-0.40002178079634343,0.05689140059841126,-0.4529074043728212,0.14765166908073007
-1.6011125836538478,1.5136624947052375,2.2289270895885545,1.5711597504625916,1.0896847320638607
-0.46802491900324505,0.13828784122580126,0.34142790705950493,1.0752419325874867,0.6149445100661549
0.9406649244731061,0.935607794495915,0.08570521018006004,-0.6280437158661998,0.2758250889623548
-0.5015854433120841,1.056365040646651,0.683901348307523,-0.17167077645343853,0.3207904601670762
1.9795580427652024,-1.4250774430858426,-0.44203068430219294,0.2954467846742184,1.3453432898251665
0.3784515683846544,-2.1152880368232605,1.4834530634583893,1.5230986459986626,0.4642303860818371
1.3183425480120465,-0.00946846936051191,1.326099689979996,1.0178953449179473,1.3920124080108984
-1.4975414851333002,1.6538774403205256,-0.8283565042137396,0.7557651120044365,0.4024810979164461
0.867761343511862,-1.9175994455308667,-0.2544949854188355,0.433451361610513,1.5357716693371706
0.4813596299133558,-1.6895192523221203,0.40928041641149654,0.8069042382688055,0.269742358693961
0.7365046204248142,-0.5541009916909184,0.09929353826554152,-0.3994764681260515,0.9744481826756993
0.24214954219630475,-2.156219995484997,0.6171088300677372,1.233326729820569,1.515605903101994
0.242165217387613,0.5558632058846548,1.2569796839461762,-0.9978176055275032,0.20446932038676688
0.6084672653616743,-0.6797041219404367,0.6218812627685586,-0.3192191486140977,1.3012598205418502
0.2559811786753422,1.0142993110397442,0.16466138788788462,0.4939417832043447,0.22621205460418098
-0.7333288458739083,-0.15928503482997394,-2.037844680376615,0.28836890978419516,-1.9837021683673266
0.05447443080108861,-1.3349715861306073,0.6652953947524594,0.7221214655669644,0.9275147523484603
-2.044683281133132,1.4520722831143915,-1.2311055976471235,-1.6115405709841346,-0.6619534382113906
-1.3682134146124882,-1.599245446924311,0.40654278175299824,0.7683868382362142,0.06873390596954887
0.6053992249990651,0.18902537289049895,0.9694686190194451,-0.4950041100579113,1.5543513467664103
0.9425925575361634,-0.23070045857178476,1.570333474463717,0.621648370906451,0.8489736766237805
1.5160744230525007,-0.3859436387422697,0.2893573830686438,1.4238567598729979,-3.0896269995271566
1.6024742472855813,-1.4179283551824229,0.970684574949985,-0.1330239142534864,0.9768385928062212
-0.02527577643482095,1.2603531434684985,-1.0389637733513342,0.6382146235056854,0.08412310843894688
0.5479547301627644,1.6656229940407745,-0.958844864569224,0.39882987332853176,-2.461329575439567
-1.80710910264863,0.48943075188388235,-1.3336192982582553,-1.988173035277753,-0.8315667127710206
-0.7959408922203945,-0.030115423374634024,0.9811312163094682,-0.7790219629483383,0.11975606969808346
-0.19871340056030198,0.8373163715154188,0.0658977036197886,0.5791117005438973,0.11630337588158138
0.23799715859798262,0.445333519848313,0.23644888807018843,-0.6326950944090886,-0.1933658335917168
-0.3996616426745578,0.8636676574793107,-0.6540939197345553,0.8954651652452562,1.4585758963645725
-1.6470352705582647,0.9722202180546246,-0.3781605825018196,-0.999818481031337,0.8943639143607166
0.49974358137595754,0.2178475571648129,0.03211698903045767,-0.020647664805516018,-0.05297122220896237
-2.066970190198847,0.7413260686496397,0.7914369610937318,0.9240559591279027,-0.03168390839347341
-0.9414404497455773,-1.114083140270728,0.6136722557180894,-1.5338669676229317,0.1808635061129167
0.3649589808684517,0.4266344026518674,-1.2017413003246822,0.7480148465267322,1.1651826195842037
-0.6417639944380383,-0.3331243880976507,-1.3566366226760276,-1.2214066348353336,0.20438005354714386
-0.5178353712257759,-0.22767658301554047,-0.49216013660718805,0.3556906093553951,0.08829959311508759
-0.018924216419528257,-0.38836498950410603,0.9825571091818661,-1.0454302108564137,-0.06228805192006134
-0.2148879279482629,0.6212887497961593,0.7008314447678929,-1.067667453371454,-1.7971431464229897
-0.1620604613378,0.8716645342956304,0.20256138465917706,0.3368952362927241,1.2119303879105618
0.49642993483133396,-1.3713823918917247,1.2741765378519796,-0.4284892091114273,1.15740160960011
-1.175832038052093,-0.5906327750915393,0.16398471335644707,0.970370812322858,0.9605679735073998
-0.46476396519150703,0.5221564949392057,-1.2686378109498668,1.7784154689953942,0.6026482619140417
0.40569719370480767,0.8515681737838237,1.1096413856107508,-1.2959750178761404,-0.7078853830426249
0.7329159737094343,0.3489846141267162,0.7063983018410932,0.502642323338343,0.9423909194467771
-0.9434268748646636,1.3673170709543199,-0.6208568365274845,-1.879673340613603,-0.8609119707583524
1.1774629195742075,0.004930791398959804,-0.4082921559146411,-1.3259902115468096,-0.04712810355010049
0.914070141143413,0.13699259254620552,-1.016934327697369,1.018532620643221,-1.2270319689132636
0.5975265721941684,-1.7205640298402727,0.8317230708409485,0.22391356551602765,-0.33397378179388537
-0.19481617018930655,-1.852958587719106,-1.4073366001359955,0.26920636737938863,1.4625385011085634
-0.8395549960679567,-0.8492349484055233,0.9645259287780643,1.8363943964478509,-2.178508109743244
-0.1731915134483955,-0.44544603562645113,-0.09113145985538247,-1.6442474001958625,-0.5183988241225325
-1.5720738210939347,0.7857523674176335,-2.370348684069677,0.5418255008538064,0.7477320885543
0.0783455615090369,1.5593161490285286,0.962780967361276,-2.329777185564012,0.4144068122017219
-0.3291972781307394,-0.9480240568309909,1.5234441981834796,0.864172114385732,-0.02337223119388772
1.2243409931877405,-0.842352345612315,-1.4576890489599517,0.7145179039732001,0.22668497290677725
0.1473054339048561,-0.8506109322984883,-0.05920022216945341,-0.10604019416959364,-0.20270157451108362
0.8408477512164747,-0.9700265048801504,1.1718463583877523,1.2003876687127266,1.750644345357529
-0.6981849518182266,-0.18508384963510335,0.9191146605971611,-0.34589092535051924,1.0381154478125032
0.14625043259617954,1.6282157378848476,-1.5265787035789962,0.5066010850117958,0.28196044005104226
0.8246304835604228,0.666023500888528,-0.4755258084444269,0.01597093103671827,-0.076530438418203
0.08835530487396395,-0.16471571143866034,0.23539751502863918,-0.3686411849778854,-0.656974330297579
-0.5875686781666802,1.638434454771578,0.9708520904020023,-1.7725210513236662,-0.43035357160610244
1.968246042241459,-1.245378332680907,2.0961872781398707,-0.8704145288317577,-0.7207232372813989
-0.8406739187262492,0.3772937833102105,0.08939171820363129,0.045768022530737675,0.49104908439703604
-0.667908401837,0.14518354753740423,-0.2442880057149325,0.11303877943720549,-0.18219226667204452
0.8757343393424832,0.7544482887111784,1.119734726222492,-2.8466480338231097,-0.0433189729270467
-0.4220070125554429,1.1858527927476123,-0.43186873702815887,-0.017823152108052163,-1.1748416274375992
1.5348455622629238,-0.8430055097969579,1.6979198119984884,0.9265512523538243,1.035439090969082
1.0671288565701846,1.292094623408068,2.3907791194147423,0.36329101238769773,1.0960941258667212
0.2936599446313538,0.7822667717932231,-0.8423467659733944,-1.204200751448925,-0.4751741596724965
-1.6852471822210937,1.0332790832926562,0.48527580526503244,-2.2919272318433292,0.48471769309240376
-0.3819306655725147,1.7990037309327005,-0.433607589304554,1.1533687867951963,-0.007186130710424569
-0.6407425672883794,1.332776022134286,0.5824644053712662,-0.9026528987209869,-0.6248819432508266
0.050582941227890706,0.18891209294897052,-0.03918729254439762,0.05881052581295287,-1.0033491117720807
0.09682750035190388,-1.11899273487339,0.03654981362430378,-0.875706816584867,-0.9359696884386925
-0.38779753020059365,0.39447307834021367,-0.7744477477310783,-0.35919953817419636,-0.038007705928272746
0.11312936976816246,0.8973204040398077,0.23868972438865454,-1.4405928894252165,-0.686976109384658
1.5564641671173953,-1.5071971859503002,0.8308417282654068,-1.1435158227517856,-1.0963474426055535
1.5849572550376343,0.043458864767243276,0.1526204334197881,0.7327448822787811,0.5903902960502017
0.24010278516477324,-1.2263329653600181,-0.5200869531928792,-0.5762815368149327,-0.6471890963507099
0.11998787902195153,0.5914057844739365,-0.4531840373164692,-0.9446300851018771,-0.19270692653168736
-1.7566818445509025,2.114488793309936,-0.47067176103755476,0.6279896198764695,-1.1923500399070206
-0.5817098424941821,0.5999107219310077,-0.9830662490459129,-0.8256234204112767,0.06586110905924318
-1.9326450656713103,1.2702871508887816,0.13957089794387062,0.30419391700753856,-0.539775235579028
1.7577495036848703,-0.6441777681034346,2.2912815467345657,1.5885028661995322,1.4972089463258909
1.254349464622176,-1.351290203892748,1.0656758941623785,1.4164484160823836,-0.16514841442596456
-1.952022283060223,-0.3264386523003954,0.5152738583346803,-0.13083142842097115,-0.7808241299436438
-2.1871115850663636,1.5916269252600357,-0.032676293011128774,-0.15859441037728816,0.32430091167201514
0.5990549290288534,-1.9411720180467675,1.3825392772656437,0.8141401820107186,1.276864569851761
-0.1934900095449083,-0.9633389774564439,0.08711649925182227,-1.5591675200493573,-0.2609872127662399
1.9233904082941058,-1.8411256318483833,0.0431325885565494,1.0334546255703219,0.7089491010739345
-0.9216084579098511,-1.9793316899980877,-0.7398601249268631,1.0320545983542284,-0.5837614527559304
1.2480221630297479,0.4214834703590675,1.8289643085348808,-0.17580388138650266,0.8063471629452847
0.37834188096540466,1.8323806541181926,-1.0336272378733593,-0.3627424468963753,0.716787932368356
1.3171741940533,-0.5107524945236286,0.9971494188226193,1.062646894352091,0.7035546718323457
-1.5354142592772515,-0.04242786514441309,0.06776283059135972,-0.9908739389086699,0.22969705901559984
1.5125132039179516,-1.5645807395386258,1.831920583603437,0.7702405107441284,0.48227001125596713
-1.2851898102093062,1.2724485561793528,-1.1133234588843082,0.9727683830968942,1.1560745835001722
-1.5024776809081168,-0.4989528783832685,1.8143546031016249,-1.2154501598231904,1.267633407134536
-0.4885379246973119,-0.7991321044388912,-0.9513940776306974,0.8774262823828896,-0.03233576708757014
-0.006591737162411826,-1.589021113207041,-2.5677666527980803,1.1071165424616456,-0.016755141987623155
0.3943688524921922,1.0707766283438875,0.6354907364453501,0.7170016056844608,0.9203141443041024
-0.751033590382576,0.11706678586872449,-1.1476678697823206,0.12344038779035417,0.4682080749782305
0.36931282165706203,-0.5449759884129686,-1.6204379047186324,-1.1707931368836357,-0.17139303117039198
-0.31671852918070514,-0.7690561284350027,-0.27525480831256566,1.5469044911694516,1.2085165515500191
1.3488775886559614,-0.4390885352444771,-2.179736708563898,-1.2906617320639657,0.09276162356399426
-0.4565368307256389,1.0485906446142075,-0.8320659510885257,-0.1532879096275992,0.28384174918386035
-1.8441935780975134,-1.449995010909575,-0.2889587292124436,1.1157590790487455,0.4178045284268073
-0.13569802029231187,1.4380265888234414,-0.4250724132456765,1.0022291357479973,0.8015959053920477
-1.501108081020691,0.9271034611327238,-0.6588699784627734,-2.3735432622832464,0.20800514684376187
0.29197324589586715,-0.9767852223707121,-0.006602300645369304,-0.38328849776379625,-0.714139368667342
-1.485272150703863,0.38662055779418,-2.0401659571407946,-0.399378754664162,-1.7437074966974222
0.1688647744357704,-0.3763280118491077,-0.2479990300261015,1.625071276124862,0.22243702460932238
-1.6576744692208196,-0.9455643004767825,-0.12949808621019238,0.12117335854868873,-2.0305655306361117
1.2580121159423505,0.2453403152101338,-0.2215393191108368,-1.087110062529057,-0.006962184376324391
-0.3580441643404883,0.7258722918951512,0.5077818272699822,-0.6215132589963812,0.6017844139973061
0.8653651433854853,-0.24687856578249814,2.3501708482042902,-1.303266267536995,0.8534319609721863
1.7088773179659744,-0.47227627199613004,1.6582562056445338,0.38675838370964166,1.427964536179679
0.13148535267120237,-0.25260302551952335,-1.852228095114211,0.5319314989188159,-0.10046809903360425
0.06672238054158074,1.1563240406579407,0.5191919553322892,-2.0232806035806177,-0.08847807840839071
-0.05966771493073404,-1.797987913308625,0.31242342415666846,0.6230132868123667,-0.09551435937465523
-1.1353804713562727,-0.11928667692296521,0.4513658659354446,-0.484963297427301,-1.2248837847386698
0.8826951696235548,-0.3493075795220244,1.351236044599846,0.38696673157487516,0.9068383067861138
-0.3434736434817347,-0.05274006253682992,0.9003598675970789,-0.2899689565895422,0.24516468716870593
1.5486573587674426,-0.6091166082525711,1.6938467023986348,0.7576081980982432,-0.7514134011314454
0.5353381796323132,-0.5513030489418146,0.5970526463806474,-0.5604511805670463,-0.967317908976058
-0.9598902776922449,-2.1351544075643423,-0.5300580291928061,0.74012137242529,1.0894737754321502
1.3803919375395892,0.14740914361553692,-1.6515728183016976,0.772515041269043,-1.768899476693682
1.819809380307945,-0.5684034548739096,-0.46206322643646447,0.6553397669388736,0.09606232923043184
-0.49827495515949194,1.1028358612503817,0.28073282442288333,-1.3544254355027827,0.30109127395259655
-0.9675367481546266,0.2468480609100022,0.25534873587346246,-0.8854529779362645,1.159752650751801
-0.3071641819659757,-1.0738360541816356,-0.04853803199388651,-2.1635212241430177,-0.40271979296097415
0.7152071966506252,0.20091557537046983,-0.2808791543310251,-3.226665563289588,-0.0037869029304224778
-0.018725749239309378,0.5775966158808752,0.2143913935345058,0.46936493403166385,0.6470821509639181
-0.5406872579962767,0.7898475183064176,0.2391054747657306,-0.9535542115337148,-0.9157994986598529
-1.7557986027396293,0.10277093671237793,-1.3337008188423638,0.17517593695491454,1.0068474072191187
-0.22184407073018717,0.4859381058503385,0.5859346937074825,1.344348169541934,1.4415397000337329
0.07552156372532885,1.5831706699463015,0.5444655668444728,-1.1728421308073083,-0.053553859351181725
0.8017447385954531,-0.3280477284674337,0.14913440665951178,0.42756807695704885,0.40946466036725515
0.4795816889278905,-1.1822704335910768,1.0905224545519991,-1.530731373985753,-0.15112292914811298
0.998553698695518,-1.207154625169274,0.19978374261627277,-0.7965861665888083,-0.8301315775215806
0.7578510203727749,0.9114502559264503,0.4134422133846296,-0.1378631218915614,0.5921585539657498
-0.33829819461853644,0.7658789214793056,-0.804881274334385,-0.9085081014129348,-0.08757495604404754
0.684658037926248,0.32773494621151245,-0.5885629345058246,1.2363997055907152,-1.7431782354414853
0.7211334171483585,-0.23991239115997798,-0.06427911516373766,-0.6164796480244187,0.8646754976713694
0.6804105059147884,0.7416943122793401,-1.425040016419943,-0.4802355697782351,-0.001524222259574742
1.414451956455556,-1.9364766064955081,1.914673598047969,0.013476851369196274,1.1650996995062628
-1.6698799323917006,1.0094109777070317,-0.20535980115710206,-0.08374585658844969,0.09518416006792653
-0.16009194427744802,-0.025414359821310035,0.0030278109420537455,0.032370767469855934,-0.26071290009627807
1.64899480035273,-0.8771673829702953,-0.29256990102961267,0.4049083653870172,-0.2585941984131395
0.13248227706709845,0.6302532819809065,1.878975686827241,-0.17510492825577656,0.39927372445885734
-0.3361985785425322,0.4279114131526542,-0.8093333162676494,-0.27501645168655803,-0.2850050723322872
-1.682474910196911,1.15457065161743,0.992599465249902,1.7001348561583842,-1.2944895818921245
-0.557060159854835,1.458687231797441,-1.0683315665766064,-0.7772354927436782,0.04562133599352303
0.18177853717135337,-0.20035585463831587,0.036947384959125196,-1.1343004814002158,-0.13627778470745713
1.1551607107714368,1.100325417537047,-0.16538151192991263,-0.9726200522117184,-0.4618940099862333
-0.6905373336339187,0.00815864078852627,1.3077265105934497,0.5343213106330222,-0.49158041391972895
-1.440641992954483,1.3401003390405473,0.7693375335036505,1.2194769887992951,-1.9617419310616484
1.3485356809112408,-0.9707208039899524,-1.118008550106632,0.31901248239824254,0.46642580213147394
-0.7950083954304306,-0.851371167446404,0.7598145069476776,-2.058389866362121,-2.5373750463299007
0.2935094371111975,-0.6132122370932492,-0.11541118354619219,1.0661039039394458,-0.05046851136631881
